UserID,PagesVisitées,TempsTotal (sec),AjoutPanier,AjoutWishlist,ProduitsConsultés,ProduitsAchetés,PromosConsultées,DélaiEntreVisites (jours),SourceTrafic,Cluster,Persona
1,17,1114,2,1,9,0,1,3,Publicité,0,Découvreur
2,4,408,0,0,4,0,0,9,Publicité,1,Précipité
3,9,667,0,0,9,0,0,25,Publicité,1,Précipité
4,18,699,1,2,13,1,1,20,Recherche Organique,0,Découvreur
5,16,285,3,1,10,2,3,17,Direct,0,Découvreur
6,13,625,0,2,11,0,2,25,Publicité,0,Découvreur
7,4,134,2,0,4,2,0,14,Recherche Organique,1,Précipité
8,4,729,0,0,4,0,0,29,Direct,1,Précipité
9,8,686,1,0,7,1,5,14,Recherche Organique,1,Précipité
10,15,748,1,2,14,0,1,29,Réseaux Sociaux,0,Découvreur
11,9,1171,3,0,9,2,2,21,Publicité,2,Chercheur des bonnes affaires
12,1,617,0,0,1,0,0,26,Réseaux Sociaux,1,Précipité
13,10,946,1,0,8,1,1,16,Recherche Organique,1,Précipité
14,14,620,0,2,12,0,2,17,Direct,0,Découvreur
15,8,706,2,0,7,2,0,17,Direct,1,Précipité
16,9,249,3,0,4,3,0,9,Direct,2,Chercheur des bonnes affaires
17,8,1075,1,0,6,1,1,13,Publicité,1,Précipité
18,5,656,2,0,2,0,0,0,Publicité,1,Précipité
19,3,1029,1,0,3,0,0,13,Publicité,1,Précipité
20,5,631,2,0,5,1,0,8,Recherche Organique,1,Précipité
21,9,389,4,0,9,0,0,27,Recherche Organique,1,Précipité
22,11,188,4,0,6,4,4,22,Direct,2,Chercheur des bonnes affaires
23,20,504,3,2,11,2,2,5,Réseaux Sociaux,0,Découvreur
24,15,775,2,1,12,0,2,3,Recherche Organique,0,Découvreur
25,15,151,2,1,9,2,4,21,Publicité,0,Découvreur
26,11,663,0,0,10,0,0,19,Direct,1,Précipité
27,1,1032,0,0,1,0,0,16,Réseaux Sociaux,1,Précipité
28,10,574,2,0,5,1,5,5,Recherche Organique,2,Chercheur des bonnes affaires
29,10,536,4,0,9,4,1,20,Publicité,2,Chercheur des bonnes affaires
30,13,510,4,2,11,0,2,7,Recherche Organique,0,Découvreur
31,9,565,1,0,9,1,3,20,Publicité,1,Précipité
32,16,859,4,1,16,2,0,23,Recherche Organique,0,Découvreur
33,11,100,2,1,9,2,2,2,Publicité,2,Chercheur des bonnes affaires
34,13,925,2,1,7,0,4,15,Direct,0,Découvreur
35,2,478,0,0,2,0,0,13,Réseaux Sociaux,1,Précipité
36,18,426,0,0,14,0,3,5,Direct,0,Découvreur
37,16,625,3,0,16,0,1,30,Publicité,0,Découvreur
38,6,100,1,0,4,1,4,15,Direct,1,Précipité
39,10,829,2,0,5,2,3,28,Publicité,2,Chercheur des bonnes affaires
40,11,441,1,0,11,1,4,4,Direct,0,Découvreur
41,10,690,5,0,5,0,2,2,Recherche Organique,2,Chercheur des bonnes affaires
42,12,108,3,1,12,1,4,24,Publicité,0,Découvreur
43,5,797,0,0,5,0,0,21,Recherche Organique,1,Précipité
44,15,742,0,1,10,0,0,13,Direct,0,Découvreur
45,8,1268,4,0,5,0,4,18,Réseaux Sociaux,2,Chercheur des bonnes affaires
46,5,695,1,0,4,1,0,7,Réseaux Sociaux,1,Précipité
47,13,503,5,0,13,4,4,14,Direct,2,Chercheur des bonnes affaires
48,2,284,1,0,2,0,0,0,Réseaux Sociaux,1,Précipité
49,7,396,3,0,3,0,2,25,Publicité,1,Précipité
50,1,815,0,0,0,0,0,6,Direct,1,Précipité
51,8,716,0,0,4,0,3,12,Direct,1,Précipité
52,18,984,5,2,16,0,4,17,Recherche Organique,0,Découvreur
53,15,572,0,0,13,0,0,0,Direct,0,Découvreur
54,3,918,1,0,1,0,0,24,Recherche Organique,1,Précipité
55,7,841,2,0,3,0,2,15,Publicité,1,Précipité
56,11,723,4,0,7,4,5,12,Publicité,2,Chercheur des bonnes affaires
57,10,220,3,0,7,2,4,18,Direct,2,Chercheur des bonnes affaires
58,18,100,3,1,17,3,2,9,Publicité,0,Découvreur
59,10,125,5,0,9,4,4,7,Réseaux Sociaux,2,Chercheur des bonnes affaires
60,13,318,4,2,8,4,1,13,Recherche Organique,2,Chercheur des bonnes affaires
61,6,743,3,0,5,3,4,5,Publicité,2,Chercheur des bonnes affaires
62,13,251,3,0,10,3,3,2,Publicité,2,Chercheur des bonnes affaires
63,8,543,2,0,7,2,0,17,Direct,1,Précipité
64,3,814,0,0,2,0,0,21,Publicité,1,Précipité
65,17,381,2,2,12,0,2,4,Publicité,0,Découvreur
66,15,723,3,1,15,3,4,22,Publicité,2,Chercheur des bonnes affaires
67,7,653,2,0,6,1,1,8,Direct,1,Précipité
68,8,363,3,0,5,2,0,1,Direct,2,Chercheur des bonnes affaires
69,14,684,4,1,13,3,3,18,Recherche Organique,2,Chercheur des bonnes affaires
70,6,1470,1,0,4,0,5,10,Recherche Organique,1,Précipité
71,5,888,1,0,4,1,0,24,Direct,1,Précipité
72,10,969,4,0,8,1,4,15,Publicité,2,Chercheur des bonnes affaires
73,8,778,2,0,6,0,4,1,Recherche Organique,1,Précipité
74,15,889,4,1,8,3,0,14,Direct,2,Chercheur des bonnes affaires
75,12,1171,3,1,11,3,2,28,Direct,2,Chercheur des bonnes affaires
76,9,1039,0,0,5,0,4,22,Recherche Organique,1,Précipité
77,16,951,1,0,8,0,1,4,Réseaux Sociaux,0,Découvreur
78,5,489,0,0,4,0,0,12,Recherche Organique,1,Précipité
79,18,350,4,2,18,3,5,28,Recherche Organique,0,Découvreur
80,12,100,4,0,6,0,0,5,Direct,2,Chercheur des bonnes affaires
81,16,684,2,0,15,1,3,14,Direct,0,Découvreur
82,5,936,1,0,3,0,0,4,Publicité,1,Précipité
83,7,210,1,0,7,1,5,18,Recherche Organique,1,Précipité
84,12,748,2,2,12,1,5,26,Direct,0,Découvreur
85,7,305,1,0,3,1,3,3,Réseaux Sociaux,1,Précipité
86,5,523,1,0,4,0,0,2,Publicité,1,Précipité
87,6,511,2,0,6,2,0,26,Recherche Organique,1,Précipité
88,9,478,0,0,9,0,5,11,Réseaux Sociaux,1,Précipité
89,8,1008,3,0,4,1,1,24,Recherche Organique,1,Précipité
90,21,848,3,2,17,0,4,22,Réseaux Sociaux,0,Découvreur
91,18,634,0,2,13,0,4,0,Direct,0,Découvreur
92,4,511,0,0,4,0,0,10,Recherche Organique,1,Précipité
93,7,353,3,0,3,1,2,17,Réseaux Sociaux,1,Précipité
94,4,1204,0,0,2,0,0,15,Direct,1,Précipité
95,4,755,1,0,2,1,0,5,Réseaux Sociaux,1,Précipité
96,12,721,3,1,12,0,1,3,Réseaux Sociaux,0,Découvreur
97,22,259,5,1,22,4,4,6,Publicité,0,Découvreur
98,3,800,0,0,2,0,0,2,Réseaux Sociaux,1,Précipité
99,10,372,3,0,6,1,5,8,Publicité,2,Chercheur des bonnes affaires
100,8,756,4,0,4,0,2,23,Recherche Organique,1,Précipité
101,3,553,0,0,2,0,0,19,Réseaux Sociaux,1,Précipité
102,4,605,0,0,2,0,0,27,Direct,1,Précipité
103,12,100,1,0,12,1,0,26,Publicité,0,Découvreur
104,12,1244,3,1,6,0,0,22,Recherche Organique,0,Découvreur
105,8,739,3,0,7,0,4,11,Publicité,1,Précipité
106,3,868,1,0,2,0,0,22,Réseaux Sociaux,1,Précipité
107,11,465,5,0,8,5,3,0,Publicité,2,Chercheur des bonnes affaires
108,7,761,1,0,3,0,4,4,Réseaux Sociaux,1,Précipité
109,8,703,4,0,6,1,2,3,Réseaux Sociaux,2,Chercheur des bonnes affaires
110,7,656,2,0,7,2,2,25,Recherche Organique,2,Chercheur des bonnes affaires
111,9,118,0,0,6,0,4,6,Direct,1,Précipité
112,13,446,3,2,10,0,1,3,Réseaux Sociaux,0,Découvreur
113,5,100,1,0,5,0,0,0,Recherche Organique,1,Précipité
114,7,480,2,0,6,1,0,14,Publicité,1,Précipité
115,14,1086,0,2,9,0,1,17,Recherche Organique,0,Découvreur
116,8,790,2,0,8,2,0,27,Recherche Organique,1,Précipité
117,5,714,0,0,2,0,0,1,Direct,1,Précipité
118,1,648,0,0,0,0,0,25,Direct,1,Précipité
119,7,269,2,0,5,1,0,3,Recherche Organique,1,Précipité
120,4,593,0,0,4,0,0,21,Direct,1,Précipité
121,9,399,2,0,6,1,0,21,Réseaux Sociaux,1,Précipité
122,16,921,3,1,13,1,2,2,Publicité,0,Découvreur
123,12,699,4,0,11,2,2,23,Réseaux Sociaux,2,Chercheur des bonnes affaires
124,16,523,1,0,16,0,4,20,Recherche Organique,0,Découvreur
125,7,196,2,0,3,0,1,0,Direct,1,Précipité
126,12,769,3,1,11,0,0,4,Recherche Organique,0,Découvreur
127,7,579,2,0,4,2,4,22,Direct,2,Chercheur des bonnes affaires
128,12,222,0,1,8,0,5,20,Recherche Organique,0,Découvreur
129,18,521,3,0,12,1,0,19,Recherche Organique,0,Découvreur
130,10,290,4,0,10,3,1,13,Recherche Organique,2,Chercheur des bonnes affaires
131,12,920,3,2,10,2,1,0,Recherche Organique,0,Découvreur
132,14,426,2,0,10,2,4,11,Direct,2,Chercheur des bonnes affaires
133,10,335,0,0,9,0,4,22,Recherche Organique,1,Précipité
134,15,934,0,1,8,0,1,23,Réseaux Sociaux,0,Découvreur
135,1,174,0,0,1,0,0,30,Réseaux Sociaux,1,Précipité
136,8,100,2,0,4,0,0,18,Publicité,1,Précipité
137,2,548,1,0,2,0,0,19,Publicité,1,Précipité
138,6,1103,0,0,3,0,1,25,Publicité,1,Précipité
139,14,429,5,0,7,4,1,5,Recherche Organique,2,Chercheur des bonnes affaires
140,12,462,1,0,11,0,3,18,Publicité,0,Découvreur
141,10,365,3,0,7,0,2,26,Recherche Organique,1,Précipité
142,10,485,3,0,7,2,3,0,Recherche Organique,2,Chercheur des bonnes affaires
143,12,407,3,1,9,2,3,12,Direct,2,Chercheur des bonnes affaires
144,11,550,4,1,9,0,4,30,Publicité,0,Découvreur
145,5,471,1,0,4,1,0,17,Recherche Organique,1,Précipité
146,11,638,4,0,6,2,2,0,Recherche Organique,2,Chercheur des bonnes affaires
147,24,778,3,2,18,3,4,4,Recherche Organique,0,Découvreur
148,11,255,2,1,11,2,3,11,Réseaux Sociaux,0,Découvreur
149,6,100,1,0,5,0,3,10,Recherche Organique,1,Précipité
150,14,282,4,0,11,3,0,25,Recherche Organique,2,Chercheur des bonnes affaires
151,1,241,0,0,0,0,0,12,Réseaux Sociaux,1,Précipité
152,4,1022,1,0,3,1,0,16,Réseaux Sociaux,1,Précipité
153,8,433,1,0,7,0,3,26,Publicité,1,Précipité
154,9,347,2,0,9,1,0,2,Direct,1,Précipité
155,12,100,5,2,7,5,4,23,Publicité,2,Chercheur des bonnes affaires
156,11,385,5,0,7,1,5,15,Réseaux Sociaux,2,Chercheur des bonnes affaires
157,17,372,0,2,17,0,5,6,Publicité,0,Découvreur
158,10,995,4,0,6,2,0,14,Réseaux Sociaux,2,Chercheur des bonnes affaires
159,9,598,2,0,4,2,5,5,Recherche Organique,2,Chercheur des bonnes affaires
160,6,796,0,0,6,0,0,11,Direct,1,Précipité
161,16,556,1,2,15,1,3,8,Recherche Organique,0,Découvreur
162,17,100,2,2,16,0,0,10,Recherche Organique,0,Découvreur
163,10,100,5,0,10,5,3,18,Recherche Organique,2,Chercheur des bonnes affaires
164,16,322,1,0,16,1,4,29,Direct,0,Découvreur
165,13,692,2,1,11,0,3,28,Publicité,0,Découvreur
166,8,314,2,0,5,0,4,21,Recherche Organique,1,Précipité
167,14,445,5,1,14,3,2,22,Publicité,2,Chercheur des bonnes affaires
168,1,1020,0,0,1,0,0,21,Publicité,1,Précipité
169,8,699,3,0,7,2,1,8,Réseaux Sociaux,2,Chercheur des bonnes affaires
170,1,398,0,0,1,0,0,15,Réseaux Sociaux,1,Précipité
171,8,145,3,0,7,2,0,19,Publicité,2,Chercheur des bonnes affaires
172,11,638,3,1,8,3,4,8,Publicité,2,Chercheur des bonnes affaires
173,6,551,0,0,6,0,4,17,Direct,1,Précipité
174,12,100,1,0,7,1,5,10,Direct,2,Chercheur des bonnes affaires
175,5,653,0,0,3,0,0,5,Recherche Organique,1,Précipité
176,16,571,2,0,11,1,2,2,Réseaux Sociaux,0,Découvreur
177,5,377,0,0,3,0,0,18,Publicité,1,Précipité
178,8,697,4,0,6,2,3,0,Recherche Organique,2,Chercheur des bonnes affaires
179,15,1197,4,1,11,4,1,6,Direct,2,Chercheur des bonnes affaires
180,12,348,3,2,7,3,5,2,Réseaux Sociaux,2,Chercheur des bonnes affaires
181,8,100,0,0,6,0,5,21,Direct,1,Précipité
182,2,694,0,0,1,0,0,7,Publicité,1,Précipité
183,23,854,1,2,17,0,1,2,Publicité,0,Découvreur
184,10,813,3,0,9,0,5,9,Réseaux Sociaux,2,Chercheur des bonnes affaires
185,11,880,5,0,6,2,0,28,Réseaux Sociaux,2,Chercheur des bonnes affaires
186,8,150,3,0,7,0,3,21,Réseaux Sociaux,1,Précipité
187,9,333,0,0,7,0,1,20,Réseaux Sociaux,1,Précipité
188,6,706,2,0,4,1,5,19,Réseaux Sociaux,1,Précipité
189,12,819,3,2,10,2,2,23,Recherche Organique,0,Découvreur
190,13,680,3,0,12,1,3,24,Recherche Organique,2,Chercheur des bonnes affaires
191,12,544,5,2,8,3,0,12,Recherche Organique,2,Chercheur des bonnes affaires
192,1,619,0,0,1,0,0,20,Direct,1,Précipité
193,16,576,0,2,12,0,1,19,Recherche Organique,0,Découvreur
194,6,777,2,0,4,2,5,30,Direct,2,Chercheur des bonnes affaires
195,8,925,2,0,8,1,1,12,Publicité,1,Précipité
196,6,100,2,0,5,1,2,9,Direct,1,Précipité
197,18,202,5,2,14,0,3,22,Publicité,0,Découvreur
198,11,526,4,1,6,1,4,26,Direct,2,Chercheur des bonnes affaires
199,2,293,0,0,2,0,0,0,Réseaux Sociaux,1,Précipité
200,14,554,1,0,8,1,2,14,Direct,0,Découvreur
201,10,209,0,0,8,0,3,13,Direct,1,Précipité
202,4,482,1,0,2,0,0,1,Recherche Organique,1,Précipité
203,13,100,0,2,8,0,2,1,Direct,0,Découvreur
204,11,713,0,0,10,0,3,4,Recherche Organique,1,Précipité
205,14,799,0,2,12,0,4,4,Direct,0,Découvreur
206,13,281,0,0,8,0,1,21,Recherche Organique,1,Précipité
207,3,415,1,0,2,0,0,26,Direct,1,Précipité
208,7,1094,0,0,4,0,3,30,Réseaux Sociaux,1,Précipité
209,7,1014,0,0,4,0,2,11,Publicité,1,Précipité
210,8,748,4,0,4,1,2,16,Publicité,2,Chercheur des bonnes affaires
211,5,542,2,0,2,2,0,23,Réseaux Sociaux,1,Précipité
212,4,670,0,0,3,0,0,1,Direct,1,Précipité
213,14,803,1,0,12,0,2,4,Réseaux Sociaux,0,Découvreur
214,19,296,3,1,15,1,3,25,Réseaux Sociaux,0,Découvreur
215,11,615,3,0,8,0,5,21,Publicité,2,Chercheur des bonnes affaires
216,12,412,2,1,10,2,2,10,Publicité,0,Découvreur
217,21,638,5,1,21,3,1,16,Recherche Organique,0,Découvreur
218,10,632,4,0,10,1,3,29,Recherche Organique,2,Chercheur des bonnes affaires
219,17,888,1,2,16,1,5,14,Réseaux Sociaux,0,Découvreur
220,11,255,0,2,6,0,5,15,Direct,0,Découvreur
221,9,356,4,0,6,1,2,20,Recherche Organique,2,Chercheur des bonnes affaires
222,14,100,5,1,9,1,5,11,Réseaux Sociaux,2,Chercheur des bonnes affaires
223,9,463,3,0,7,2,2,14,Recherche Organique,2,Chercheur des bonnes affaires
224,8,706,1,0,7,0,5,17,Direct,1,Précipité
225,15,108,4,2,9,2,2,24,Direct,0,Découvreur
226,4,820,2,0,4,0,0,23,Recherche Organique,1,Précipité
227,8,1024,0,0,5,0,2,24,Direct,1,Précipité
228,6,926,1,0,5,1,5,25,Publicité,1,Précipité
229,3,822,0,0,3,0,0,17,Réseaux Sociaux,1,Précipité
230,10,613,3,0,5,3,2,12,Réseaux Sociaux,2,Chercheur des bonnes affaires
231,16,205,0,0,9,0,0,29,Recherche Organique,1,Précipité
232,12,100,5,0,11,0,0,22,Recherche Organique,2,Chercheur des bonnes affaires
233,15,294,4,2,8,1,2,12,Publicité,0,Découvreur
234,9,687,3,0,8,0,4,4,Direct,2,Chercheur des bonnes affaires
235,5,546,0,0,3,0,0,1,Réseaux Sociaux,1,Précipité
236,9,1188,0,0,5,0,2,30,Réseaux Sociaux,1,Précipité
237,12,586,0,0,11,0,1,27,Recherche Organique,1,Précipité
238,3,1012,1,0,1,0,0,7,Publicité,1,Précipité
239,11,479,0,2,7,0,0,5,Recherche Organique,0,Découvreur
240,11,479,0,1,8,0,3,2,Direct,0,Découvreur
241,6,736,3,0,4,3,4,22,Réseaux Sociaux,2,Chercheur des bonnes affaires
242,10,1156,5,0,8,5,1,1,Recherche Organique,2,Chercheur des bonnes affaires
243,7,720,2,0,7,0,5,21,Direct,1,Précipité
244,7,514,3,0,7,3,2,1,Direct,2,Chercheur des bonnes affaires
245,1,932,0,0,0,0,0,30,Publicité,1,Précipité
246,5,647,2,0,3,2,0,17,Réseaux Sociaux,1,Précipité
247,9,422,1,0,5,0,1,4,Direct,1,Précipité
248,9,976,2,0,4,0,2,8,Publicité,1,Précipité
249,14,534,3,0,13,3,1,23,Recherche Organique,2,Chercheur des bonnes affaires
250,2,883,0,0,2,0,0,9,Réseaux Sociaux,1,Précipité
251,9,535,4,0,4,2,2,15,Réseaux Sociaux,2,Chercheur des bonnes affaires
252,7,1443,3,0,4,0,5,16,Publicité,1,Précipité
253,15,453,1,0,13,0,1,5,Réseaux Sociaux,0,Découvreur
254,7,1062,1,0,4,0,3,8,Direct,1,Précipité
255,11,146,0,2,5,0,5,19,Direct,0,Découvreur
256,1,100,0,0,0,0,0,15,Publicité,1,Précipité
257,16,480,1,2,8,1,2,27,Recherche Organique,0,Découvreur
258,5,496,2,0,4,1,0,5,Réseaux Sociaux,1,Précipité
259,2,710,1,0,2,0,0,10,Publicité,1,Précipité
260,3,468,0,0,2,0,0,16,Recherche Organique,1,Précipité
261,12,1041,3,1,11,3,0,12,Publicité,2,Chercheur des bonnes affaires
262,9,948,2,0,7,1,5,28,Recherche Organique,2,Chercheur des bonnes affaires
263,8,100,3,0,6,3,4,14,Direct,2,Chercheur des bonnes affaires
264,2,595,1,0,2,0,0,24,Direct,1,Précipité
265,9,288,4,0,9,4,5,6,Direct,2,Chercheur des bonnes affaires
266,16,805,1,0,11,1,5,12,Publicité,0,Découvreur
267,13,703,0,1,12,0,2,8,Publicité,0,Découvreur
268,8,768,1,0,6,1,5,8,Réseaux Sociaux,1,Précipité
269,9,1119,2,0,7,1,1,29,Publicité,1,Précipité
270,12,941,2,1,8,0,4,6,Publicité,0,Découvreur
271,8,185,1,0,6,0,1,23,Recherche Organique,1,Précipité
272,17,756,5,1,15,1,3,27,Recherche Organique,0,Découvreur
273,12,445,4,2,7,4,2,28,Publicité,2,Chercheur des bonnes affaires
274,18,857,1,0,9,0,3,5,Réseaux Sociaux,0,Découvreur
275,6,490,2,0,6,1,1,28,Direct,1,Précipité
276,10,676,3,0,6,3,2,25,Réseaux Sociaux,2,Chercheur des bonnes affaires
277,18,728,4,0,16,2,2,6,Recherche Organique,2,Chercheur des bonnes affaires
278,11,511,1,0,9,1,2,11,Direct,1,Précipité
279,5,602,2,0,4,1,0,28,Direct,1,Précipité
280,7,907,1,0,5,0,3,1,Publicité,1,Précipité
281,6,623,0,0,3,0,1,11,Recherche Organique,1,Précipité
282,7,535,3,0,3,1,2,17,Publicité,1,Précipité
283,3,532,0,0,1,0,0,13,Réseaux Sociaux,1,Précipité
284,4,1001,2,0,3,0,0,27,Réseaux Sociaux,1,Précipité
285,5,631,1,0,2,0,0,4,Publicité,1,Précipité
286,12,283,0,0,6,0,5,0,Publicité,1,Précipité
287,11,467,2,0,10,0,0,12,Direct,1,Précipité
288,4,841,2,0,4,0,0,10,Réseaux Sociaux,1,Précipité
289,12,443,0,0,8,0,1,16,Publicité,1,Précipité
290,7,299,0,0,5,0,4,2,Direct,1,Précipité
291,2,665,0,0,1,0,0,17,Recherche Organique,1,Précipité
292,3,680,0,0,1,0,0,27,Direct,1,Précipité
293,12,633,0,2,11,0,0,11,Direct,0,Découvreur
294,14,100,3,2,7,0,0,5,Réseaux Sociaux,0,Découvreur
295,3,128,1,0,3,0,0,29,Publicité,1,Précipité
296,12,413,3,2,7,2,0,14,Publicité,0,Découvreur
297,6,646,0,0,3,0,4,16,Réseaux Sociaux,1,Précipité
298,11,801,2,1,10,1,1,19,Réseaux Sociaux,0,Découvreur
299,10,917,2,0,5,2,3,25,Recherche Organique,2,Chercheur des bonnes affaires
300,9,100,1,0,8,0,0,4,Direct,1,Précipité
301,4,894,1,0,2,1,0,6,Recherche Organique,1,Précipité
302,7,813,3,0,4,2,3,28,Recherche Organique,2,Chercheur des bonnes affaires
303,9,855,4,0,6,4,4,16,Recherche Organique,2,Chercheur des bonnes affaires
304,13,170,3,2,11,2,2,10,Réseaux Sociaux,0,Découvreur
305,8,525,0,0,5,0,0,24,Publicité,1,Précipité
306,9,993,2,0,9,0,5,30,Publicité,1,Précipité
307,24,945,2,1,20,0,4,23,Réseaux Sociaux,0,Découvreur
308,17,434,0,0,14,0,4,30,Publicité,0,Découvreur
309,11,797,1,0,6,0,1,24,Recherche Organique,1,Précipité
310,5,556,1,0,4,1,0,23,Direct,1,Précipité
311,5,349,0,0,4,0,0,21,Recherche Organique,1,Précipité
312,10,626,3,0,5,1,4,20,Réseaux Sociaux,2,Chercheur des bonnes affaires
313,8,629,3,0,7,3,3,0,Recherche Organique,2,Chercheur des bonnes affaires
314,13,585,0,0,7,0,2,1,Publicité,1,Précipité
315,4,611,2,0,2,1,0,22,Publicité,1,Précipité
316,11,658,3,2,9,1,5,5,Réseaux Sociaux,0,Découvreur
317,15,792,1,1,9,1,0,1,Réseaux Sociaux,0,Découvreur
318,16,135,4,1,9,1,3,23,Réseaux Sociaux,0,Découvreur
319,22,804,2,0,14,0,1,20,Direct,0,Découvreur
320,6,527,0,0,3,0,0,26,Réseaux Sociaux,1,Précipité
321,7,749,1,0,7,0,0,24,Direct,1,Précipité
322,9,712,1,0,6,1,0,3,Publicité,1,Précipité
323,15,620,4,2,10,4,3,7,Publicité,2,Chercheur des bonnes affaires
324,6,320,0,0,6,0,1,11,Recherche Organique,1,Précipité
325,5,789,0,0,4,0,0,22,Réseaux Sociaux,1,Précipité
326,7,672,0,0,4,0,0,26,Direct,1,Précipité
327,1,726,0,0,1,0,0,25,Réseaux Sociaux,1,Précipité
328,1,849,0,0,1,0,0,15,Publicité,1,Précipité
329,13,819,0,1,12,0,3,7,Direct,0,Découvreur
330,2,562,0,0,1,0,0,22,Réseaux Sociaux,1,Précipité
331,10,1010,5,0,7,2,0,6,Recherche Organique,2,Chercheur des bonnes affaires
332,2,565,1,0,2,0,0,22,Direct,1,Précipité
333,17,807,1,1,17,0,3,16,Réseaux Sociaux,0,Découvreur
334,16,972,1,0,14,0,3,13,Direct,0,Découvreur
335,11,872,2,1,5,1,4,7,Recherche Organique,0,Découvreur
336,12,100,3,2,11,2,2,5,Recherche Organique,0,Découvreur
337,13,362,5,0,10,1,1,30,Publicité,2,Chercheur des bonnes affaires
338,19,594,0,0,12,0,3,17,Réseaux Sociaux,0,Découvreur
339,17,499,1,0,17,1,5,28,Recherche Organique,0,Découvreur
340,12,1046,1,0,12,1,0,8,Publicité,0,Découvreur
341,10,410,1,0,5,0,4,7,Direct,1,Précipité
342,9,1031,3,0,9,0,5,15,Publicité,2,Chercheur des bonnes affaires
343,13,459,4,1,11,1,5,1,Recherche Organique,0,Découvreur
344,6,862,1,0,3,0,1,23,Recherche Organique,1,Précipité
345,7,799,2,0,4,1,3,3,Direct,1,Précipité
346,8,700,1,0,5,1,0,23,Publicité,1,Précipité
347,10,185,4,0,5,1,0,16,Direct,2,Chercheur des bonnes affaires
348,16,554,0,0,14,0,4,18,Publicité,0,Découvreur
349,8,490,3,0,4,1,0,0,Réseaux Sociaux,1,Précipité
350,8,217,3,0,7,3,0,19,Réseaux Sociaux,2,Chercheur des bonnes affaires
351,8,304,2,0,4,2,4,0,Direct,2,Chercheur des bonnes affaires
352,14,973,3,2,9,3,0,3,Réseaux Sociaux,0,Découvreur
353,16,655,3,1,8,3,5,20,Publicité,2,Chercheur des bonnes affaires
354,10,290,2,0,5,0,3,4,Recherche Organique,1,Précipité
355,13,385,2,1,12,1,4,7,Publicité,0,Découvreur
356,10,706,2,0,6,1,3,0,Réseaux Sociaux,1,Précipité
357,12,294,0,2,6,0,0,28,Recherche Organique,0,Découvreur
358,2,463,0,0,1,0,0,25,Recherche Organique,1,Précipité
359,10,602,5,0,8,0,5,23,Réseaux Sociaux,2,Chercheur des bonnes affaires
360,6,440,2,0,3,1,5,8,Publicité,1,Précipité
361,9,1226,1,0,5,1,2,2,Réseaux Sociaux,1,Précipité
362,11,375,3,2,9,1,0,6,Direct,0,Découvreur
363,14,540,4,2,9,4,1,23,Publicité,2,Chercheur des bonnes affaires
364,7,1111,1,0,6,0,5,20,Réseaux Sociaux,1,Précipité
365,21,643,0,1,12,0,3,0,Publicité,0,Découvreur
366,9,1081,1,0,9,0,1,29,Recherche Organique,1,Précipité
367,7,1256,2,0,4,2,3,12,Direct,1,Précipité
368,5,104,1,0,5,0,0,8,Réseaux Sociaux,1,Précipité
369,11,821,5,2,7,2,0,24,Recherche Organique,2,Chercheur des bonnes affaires
370,8,907,0,0,4,0,3,6,Publicité,1,Précipité
371,5,373,2,0,2,1,0,7,Publicité,1,Précipité
372,15,500,3,1,13,3,0,1,Recherche Organique,2,Chercheur des bonnes affaires
373,8,792,0,0,7,0,4,12,Recherche Organique,1,Précipité
374,13,744,3,0,9,1,3,20,Recherche Organique,2,Chercheur des bonnes affaires
375,13,436,5,0,7,0,5,14,Recherche Organique,2,Chercheur des bonnes affaires
376,2,348,1,0,1,0,0,4,Direct,1,Précipité
377,15,596,2,1,12,1,1,25,Recherche Organique,0,Découvreur
378,5,100,0,0,4,0,0,30,Réseaux Sociaux,1,Précipité
379,11,587,0,1,5,0,0,14,Publicité,1,Précipité
380,18,690,3,1,15,2,1,0,Publicité,0,Découvreur
381,15,803,3,0,8,1,0,8,Publicité,2,Chercheur des bonnes affaires
382,10,990,4,0,6,0,1,0,Publicité,1,Précipité
383,9,526,0,0,8,0,0,11,Recherche Organique,1,Précipité
384,13,1035,2,0,7,2,4,28,Publicité,2,Chercheur des bonnes affaires
385,8,925,2,0,5,1,4,18,Recherche Organique,1,Précipité
386,9,660,1,0,9,0,2,7,Recherche Organique,1,Précipité
387,17,720,1,2,11,0,3,5,Recherche Organique,0,Découvreur
388,6,848,3,0,4,0,2,7,Recherche Organique,1,Précipité
389,10,401,0,0,6,0,4,26,Recherche Organique,1,Précipité
390,13,515,3,1,13,0,4,19,Recherche Organique,0,Découvreur
391,4,937,2,0,4,0,0,28,Direct,1,Précipité
392,15,321,5,1,9,3,3,9,Direct,2,Chercheur des bonnes affaires
393,5,680,1,0,3,1,0,5,Publicité,1,Précipité
394,7,100,1,0,4,1,1,30,Réseaux Sociaux,1,Précipité
395,8,948,2,0,5,0,3,21,Recherche Organique,1,Précipité
396,10,738,2,0,7,2,2,5,Réseaux Sociaux,2,Chercheur des bonnes affaires
397,18,434,2,1,16,1,0,17,Direct,0,Découvreur
398,9,600,2,0,8,2,2,14,Publicité,2,Chercheur des bonnes affaires
399,12,612,0,2,9,0,2,6,Publicité,0,Découvreur
400,18,696,5,1,18,1,2,27,Publicité,0,Découvreur
401,12,151,3,1,8,1,3,28,Publicité,0,Découvreur
402,12,503,2,2,7,0,5,7,Recherche Organique,0,Découvreur
403,14,354,3,2,12,0,3,22,Recherche Organique,0,Découvreur
404,15,338,5,0,14,3,0,6,Publicité,2,Chercheur des bonnes affaires
405,6,1276,2,0,6,1,0,3,Réseaux Sociaux,1,Précipité
406,7,921,0,0,5,0,1,20,Direct,1,Précipité
407,17,484,3,0,15,3,3,29,Recherche Organique,2,Chercheur des bonnes affaires
408,3,446,0,0,1,0,0,29,Recherche Organique,1,Précipité
409,7,527,3,0,3,0,5,7,Réseaux Sociaux,1,Précipité
410,19,213,0,0,19,0,4,16,Direct,0,Découvreur
411,13,397,1,2,11,1,2,1,Recherche Organique,0,Découvreur
412,8,771,3,0,8,1,2,9,Réseaux Sociaux,2,Chercheur des bonnes affaires
413,11,407,4,1,5,3,0,14,Réseaux Sociaux,2,Chercheur des bonnes affaires
414,9,815,4,0,7,2,1,3,Recherche Organique,2,Chercheur des bonnes affaires
415,3,184,0,0,2,0,0,13,Réseaux Sociaux,1,Précipité
416,11,535,0,1,9,0,2,7,Publicité,0,Découvreur
417,12,238,2,0,8,1,5,12,Direct,2,Chercheur des bonnes affaires
418,12,398,1,2,8,1,5,7,Publicité,0,Découvreur
419,9,299,0,0,9,0,1,29,Recherche Organique,1,Précipité
420,4,478,1,0,2,1,0,21,Publicité,1,Précipité
421,5,779,1,0,5,1,0,9,Réseaux Sociaux,1,Précipité
422,12,402,5,1,12,4,2,14,Recherche Organique,2,Chercheur des bonnes affaires
423,9,620,1,0,5,1,5,4,Publicité,1,Précipité
424,2,735,1,0,1,1,0,11,Réseaux Sociaux,1,Précipité
425,16,341,5,1,11,0,1,24,Réseaux Sociaux,0,Découvreur
426,7,566,1,0,5,1,1,12,Publicité,1,Précipité
427,6,100,2,0,6,0,0,5,Publicité,1,Précipité
428,9,338,4,0,8,4,4,13,Publicité,2,Chercheur des bonnes affaires
429,2,1069,1,0,2,0,0,25,Recherche Organique,1,Précipité
430,9,1291,1,0,6,0,3,26,Direct,1,Précipité
431,6,604,2,0,4,2,2,30,Direct,1,Précipité
432,11,841,2,0,10,1,1,20,Réseaux Sociaux,2,Chercheur des bonnes affaires
433,14,342,3,2,7,0,1,23,Publicité,0,Découvreur
434,9,1101,3,0,6,0,2,7,Publicité,1,Précipité
435,1,644,0,0,1,0,0,29,Recherche Organique,1,Précipité
436,12,117,1,2,8,1,0,9,Réseaux Sociaux,0,Découvreur
437,7,728,3,0,3,2,5,14,Réseaux Sociaux,2,Chercheur des bonnes affaires
438,7,785,2,0,4,0,2,18,Réseaux Sociaux,1,Précipité
439,5,137,2,0,3,2,0,24,Réseaux Sociaux,1,Précipité
440,18,122,0,1,10,0,2,27,Recherche Organique,0,Découvreur
441,13,385,5,0,11,3,4,27,Publicité,2,Chercheur des bonnes affaires
442,14,504,1,0,7,0,1,10,Publicité,1,Précipité
443,5,1185,1,0,2,1,0,17,Direct,1,Précipité
444,11,762,0,2,9,0,4,27,Réseaux Sociaux,0,Découvreur
445,1,100,0,0,0,0,0,24,Recherche Organique,1,Précipité
446,7,811,0,0,3,0,1,5,Publicité,1,Précipité
447,15,602,2,0,10,1,5,18,Direct,2,Chercheur des bonnes affaires
448,12,122,1,1,10,1,4,4,Recherche Organique,0,Découvreur
449,5,510,0,0,4,0,0,8,Recherche Organique,1,Précipité
450,17,1271,2,1,14,0,4,14,Publicité,0,Découvreur
451,1,464,0,0,0,0,0,16,Direct,1,Précipité
452,9,675,1,0,9,0,0,8,Publicité,1,Précipité
453,8,537,4,0,6,1,3,10,Direct,2,Chercheur des bonnes affaires
454,8,486,3,0,7,0,4,8,Direct,1,Précipité
455,15,849,4,1,7,1,1,29,Réseaux Sociaux,2,Chercheur des bonnes affaires
456,11,784,2,0,10,0,0,9,Direct,1,Précipité
457,10,171,4,0,6,4,2,3,Réseaux Sociaux,2,Chercheur des bonnes affaires
458,14,648,1,1,12,0,3,0,Direct,0,Découvreur
459,7,1090,0,0,6,0,2,5,Recherche Organique,1,Précipité
460,1,208,0,0,1,0,0,27,Réseaux Sociaux,1,Précipité
461,12,842,5,1,12,4,3,21,Recherche Organique,2,Chercheur des bonnes affaires
462,19,434,1,0,15,0,4,25,Direct,0,Découvreur
463,8,1117,1,0,6,0,4,4,Recherche Organique,1,Précipité
464,7,417,1,0,3,0,4,10,Recherche Organique,1,Précipité
465,3,1167,0,0,1,0,0,7,Direct,1,Précipité
466,11,366,3,2,8,2,3,2,Recherche Organique,0,Découvreur
467,3,755,1,0,1,0,0,27,Publicité,1,Précipité
468,10,248,3,0,9,2,0,8,Direct,2,Chercheur des bonnes affaires
469,3,602,0,0,2,0,0,2,Réseaux Sociaux,1,Précipité
470,14,705,3,2,12,3,2,22,Direct,0,Découvreur
471,14,664,1,1,8,0,2,28,Réseaux Sociaux,0,Découvreur
472,5,466,2,0,5,0,0,29,Recherche Organique,1,Précipité
473,9,172,0,0,4,0,5,6,Réseaux Sociaux,1,Précipité
474,8,173,2,0,8,1,4,26,Direct,2,Chercheur des bonnes affaires
475,5,636,0,0,2,0,0,12,Publicité,1,Précipité
476,6,494,1,0,3,1,3,2,Recherche Organique,1,Précipité
477,9,673,1,0,7,1,1,16,Réseaux Sociaux,1,Précipité
478,1,616,0,0,0,0,0,22,Publicité,1,Précipité
479,9,807,1,0,7,1,5,28,Direct,1,Précipité
480,9,292,4,0,6,1,1,4,Direct,2,Chercheur des bonnes affaires
481,1,374,0,0,1,0,0,17,Recherche Organique,1,Précipité
482,13,385,3,1,13,3,1,14,Publicité,2,Chercheur des bonnes affaires
483,19,842,1,2,10,0,0,13,Recherche Organique,0,Découvreur
484,9,747,3,0,9,1,4,20,Publicité,2,Chercheur des bonnes affaires
485,8,910,4,0,4,2,1,16,Publicité,2,Chercheur des bonnes affaires
486,10,525,3,0,10,3,4,1,Direct,2,Chercheur des bonnes affaires
487,7,585,3,0,4,1,1,17,Direct,1,Précipité
488,3,424,0,0,1,0,0,5,Recherche Organique,1,Précipité
489,11,840,0,0,11,0,0,10,Réseaux Sociaux,1,Précipité
490,8,762,0,0,6,0,1,23,Recherche Organique,1,Précipité
491,10,1171,0,0,6,0,0,17,Direct,1,Précipité
492,16,602,5,1,8,3,1,19,Recherche Organique,2,Chercheur des bonnes affaires
493,12,633,2,1,9,2,1,23,Recherche Organique,0,Découvreur
494,11,223,3,1,9,2,2,18,Direct,2,Chercheur des bonnes affaires
495,8,514,3,0,7,1,4,18,Publicité,2,Chercheur des bonnes affaires
496,2,345,1,0,1,1,0,24,Direct,1,Précipité
497,13,342,5,2,13,3,0,12,Publicité,2,Chercheur des bonnes affaires
498,15,934,5,0,13,5,2,15,Réseaux Sociaux,2,Chercheur des bonnes affaires
499,8,468,1,0,5,0,5,25,Publicité,1,Précipité
500,3,237,0,0,1,0,0,28,Recherche Organique,1,Précipité
501,10,623,1,0,5,0,2,0,Publicité,1,Précipité
502,11,323,1,2,9,1,4,4,Direct,0,Découvreur
503,7,406,3,0,3,1,5,11,Recherche Organique,2,Chercheur des bonnes affaires
504,16,412,5,2,14,4,4,30,Publicité,2,Chercheur des bonnes affaires
505,1,507,0,0,1,0,0,21,Recherche Organique,1,Précipité
506,5,579,0,0,5,0,0,2,Publicité,1,Précipité
507,6,1127,2,0,5,2,3,8,Réseaux Sociaux,1,Précipité
508,14,586,5,2,11,5,3,3,Direct,2,Chercheur des bonnes affaires
509,13,100,1,0,6,1,5,24,Publicité,2,Chercheur des bonnes affaires
510,15,878,3,1,12,1,1,7,Publicité,0,Découvreur
511,8,958,2,0,8,1,3,2,Publicité,1,Précipité
512,6,147,2,0,5,2,1,6,Direct,1,Précipité
513,21,942,2,1,18,1,1,21,Recherche Organique,0,Découvreur
514,11,415,4,1,7,1,5,0,Réseaux Sociaux,2,Chercheur des bonnes affaires
515,14,555,5,1,10,4,3,23,Recherche Organique,2,Chercheur des bonnes affaires
516,12,433,1,2,7,0,0,12,Publicité,0,Découvreur
517,6,501,3,0,4,0,2,26,Publicité,1,Précipité
518,12,751,5,0,11,4,0,18,Recherche Organique,2,Chercheur des bonnes affaires
519,14,838,0,2,12,0,4,25,Publicité,0,Découvreur
520,12,488,5,0,12,4,0,11,Publicité,2,Chercheur des bonnes affaires
521,14,807,2,0,13,2,0,8,Direct,2,Chercheur des bonnes affaires
522,8,769,4,0,5,0,5,5,Direct,2,Chercheur des bonnes affaires
523,11,741,1,2,9,0,5,18,Réseaux Sociaux,0,Découvreur
524,9,750,0,0,5,0,5,9,Publicité,1,Précipité
525,6,1014,1,0,6,1,4,26,Recherche Organique,1,Précipité
526,4,371,1,0,3,1,0,21,Publicité,1,Précipité
527,11,699,3,0,10,2,0,6,Direct,2,Chercheur des bonnes affaires
528,13,1214,1,2,11,0,4,29,Publicité,0,Découvreur
529,9,734,2,0,9,0,2,1,Direct,1,Précipité
530,12,584,2,1,6,0,0,9,Recherche Organique,0,Découvreur
531,5,560,0,0,2,0,0,1,Direct,1,Précipité
532,4,620,2,0,3,2,0,10,Direct,1,Précipité
533,14,664,5,1,11,3,0,7,Réseaux Sociaux,2,Chercheur des bonnes affaires
534,8,790,1,0,4,1,0,24,Réseaux Sociaux,1,Précipité
535,6,287,2,0,3,2,0,24,Direct,1,Précipité
536,16,821,1,1,8,1,0,15,Publicité,0,Découvreur
537,8,336,4,0,7,0,3,9,Réseaux Sociaux,2,Chercheur des bonnes affaires
538,9,1180,1,0,5,0,2,1,Recherche Organique,1,Précipité
539,9,642,3,0,7,2,0,19,Recherche Organique,2,Chercheur des bonnes affaires
540,12,609,5,0,11,0,3,14,Direct,2,Chercheur des bonnes affaires
541,9,631,3,0,6,0,1,9,Recherche Organique,1,Précipité
542,13,804,4,0,7,2,4,3,Direct,2,Chercheur des bonnes affaires
543,16,100,0,0,8,0,4,21,Direct,0,Découvreur
544,13,920,3,2,12,2,4,18,Recherche Organique,0,Découvreur
545,5,137,2,0,4,2,0,24,Recherche Organique,1,Précipité
546,8,100,0,0,5,0,1,6,Recherche Organique,1,Précipité
547,21,1328,0,1,21,0,2,7,Réseaux Sociaux,0,Découvreur
548,2,820,1,0,1,0,0,28,Recherche Organique,1,Précipité
549,19,700,1,2,19,1,3,15,Réseaux Sociaux,0,Découvreur
550,10,100,5,0,7,2,3,11,Recherche Organique,2,Chercheur des bonnes affaires
551,9,107,3,0,6,2,1,30,Recherche Organique,2,Chercheur des bonnes affaires
552,7,164,1,0,7,0,3,9,Recherche Organique,1,Précipité
553,14,568,4,1,14,3,0,10,Direct,2,Chercheur des bonnes affaires
554,8,848,3,0,8,3,1,26,Publicité,2,Chercheur des bonnes affaires
555,5,507,0,0,4,0,0,12,Réseaux Sociaux,1,Précipité
556,11,421,5,2,7,5,5,21,Publicité,2,Chercheur des bonnes affaires
557,4,200,0,0,4,0,0,11,Publicité,1,Précipité
558,10,783,4,0,9,2,2,29,Publicité,2,Chercheur des bonnes affaires
559,11,547,5,2,9,1,3,3,Publicité,0,Découvreur
560,15,100,0,2,7,0,3,26,Réseaux Sociaux,0,Découvreur
561,1,521,0,0,0,0,0,19,Publicité,1,Précipité
562,8,362,4,0,6,2,5,22,Recherche Organique,2,Chercheur des bonnes affaires
563,7,287,0,0,7,0,0,8,Direct,1,Précipité
564,3,1069,1,0,3,0,0,12,Recherche Organique,1,Précipité
565,14,542,2,1,10,0,2,21,Direct,0,Découvreur
566,8,411,1,0,7,0,3,11,Publicité,1,Précipité
567,7,514,3,0,6,0,4,12,Publicité,1,Précipité
568,12,100,2,1,11,1,3,6,Direct,0,Découvreur
569,3,796,0,0,3,0,0,27,Publicité,1,Précipité
570,10,544,2,0,6,0,4,16,Publicité,1,Précipité
571,3,100,1,0,1,0,0,23,Réseaux Sociaux,1,Précipité
572,16,139,0,1,11,0,1,13,Recherche Organique,0,Découvreur
573,8,788,3,0,8,3,2,13,Réseaux Sociaux,2,Chercheur des bonnes affaires
574,10,532,0,0,6,0,1,21,Direct,1,Précipité
575,7,701,1,0,6,1,0,26,Publicité,1,Précipité
576,9,718,2,0,5,0,4,19,Publicité,1,Précipité
577,11,261,0,2,9,0,4,16,Publicité,0,Découvreur
578,9,1278,2,0,8,0,3,4,Publicité,1,Précipité
579,1,370,0,0,1,0,0,12,Publicité,1,Précipité
580,1,530,0,0,1,0,0,29,Recherche Organique,1,Précipité
581,23,578,4,1,23,0,4,11,Publicité,0,Découvreur
582,9,870,2,0,8,2,5,17,Réseaux Sociaux,2,Chercheur des bonnes affaires
583,5,100,1,0,3,1,0,13,Réseaux Sociaux,1,Précipité
584,12,478,4,2,11,1,2,23,Direct,0,Découvreur
585,9,614,1,0,5,0,2,0,Recherche Organique,1,Précipité
586,9,609,4,0,9,1,5,14,Publicité,2,Chercheur des bonnes affaires
587,16,418,3,1,10,3,4,18,Réseaux Sociaux,2,Chercheur des bonnes affaires
588,5,100,2,0,4,2,0,12,Direct,1,Précipité
589,16,276,5,0,12,4,4,15,Direct,2,Chercheur des bonnes affaires
590,9,952,3,0,9,1,2,21,Publicité,2,Chercheur des bonnes affaires
591,1,891,0,0,1,0,0,7,Direct,1,Précipité
592,9,832,1,0,8,1,2,19,Réseaux Sociaux,1,Précipité
593,14,696,5,1,10,3,4,30,Recherche Organique,2,Chercheur des bonnes affaires
594,11,562,1,0,8,1,0,9,Recherche Organique,1,Précipité
595,8,336,2,0,4,0,5,2,Recherche Organique,1,Précipité
596,6,332,0,0,5,0,2,18,Recherche Organique,1,Précipité
597,14,913,0,1,11,0,0,30,Direct,0,Découvreur
598,6,381,0,0,5,0,1,22,Direct,1,Précipité
599,10,136,5,0,10,1,1,27,Publicité,2,Chercheur des bonnes affaires
600,17,496,5,1,10,4,0,6,Réseaux Sociaux,2,Chercheur des bonnes affaires
601,11,448,4,1,8,2,2,18,Réseaux Sociaux,2,Chercheur des bonnes affaires
602,11,842,1,1,5,0,1,29,Direct,1,Précipité
603,8,100,3,0,6,0,2,27,Direct,1,Précipité
604,6,785,1,0,6,1,1,12,Direct,1,Précipité
605,7,192,1,0,5,0,5,24,Direct,1,Précipité
606,14,100,3,2,12,2,4,1,Direct,0,Découvreur
607,16,453,4,0,9,4,2,22,Publicité,2,Chercheur des bonnes affaires
608,15,536,1,2,11,0,3,5,Publicité,0,Découvreur
609,6,844,3,0,4,0,1,1,Recherche Organique,1,Précipité
610,10,728,0,0,7,0,3,16,Recherche Organique,1,Précipité
611,8,663,3,0,5,0,4,5,Publicité,1,Précipité
612,11,479,5,0,11,3,2,27,Direct,2,Chercheur des bonnes affaires
613,6,614,3,0,6,1,3,26,Direct,1,Précipité
614,23,216,3,1,16,0,4,17,Publicité,0,Découvreur
615,18,744,3,0,17,2,4,17,Recherche Organique,0,Découvreur
616,10,273,2,0,9,0,2,13,Réseaux Sociaux,1,Précipité
617,8,477,3,0,5,3,5,16,Réseaux Sociaux,2,Chercheur des bonnes affaires
618,8,848,1,0,4,1,5,17,Direct,1,Précipité
619,14,715,1,0,10,0,2,29,Recherche Organique,0,Découvreur
620,12,629,2,0,12,2,1,24,Recherche Organique,2,Chercheur des bonnes affaires
621,14,174,1,0,10,1,0,14,Publicité,0,Découvreur
622,12,412,1,1,10,0,0,14,Recherche Organique,0,Découvreur
623,13,360,0,0,10,0,5,11,Direct,0,Découvreur
624,4,698,0,0,2,0,0,26,Recherche Organique,1,Précipité
625,17,921,3,0,8,1,1,9,Publicité,2,Chercheur des bonnes affaires
626,10,944,4,0,8,0,1,27,Recherche Organique,2,Chercheur des bonnes affaires
627,20,699,3,1,12,0,2,3,Recherche Organique,0,Découvreur
628,7,812,0,0,7,0,2,16,Publicité,1,Précipité
629,14,404,5,0,7,0,3,15,Publicité,2,Chercheur des bonnes affaires
630,7,947,0,0,5,0,2,26,Recherche Organique,1,Précipité
631,15,331,0,2,11,0,2,11,Publicité,0,Découvreur
632,4,462,2,0,2,0,0,20,Recherche Organique,1,Précipité
633,7,736,1,0,7,0,2,0,Publicité,1,Précipité
634,14,595,0,2,8,0,5,23,Publicité,0,Découvreur
635,3,658,1,0,1,1,0,21,Réseaux Sociaux,1,Précipité
636,6,321,1,0,3,1,3,0,Publicité,1,Précipité
637,8,576,3,0,8,0,2,1,Direct,1,Précipité
638,4,1238,0,0,4,0,0,30,Réseaux Sociaux,1,Précipité
639,15,524,5,0,12,4,1,11,Direct,2,Chercheur des bonnes affaires
640,12,491,3,1,12,0,3,11,Réseaux Sociaux,0,Découvreur
641,4,246,1,0,4,1,0,6,Publicité,1,Précipité
642,7,683,0,0,5,0,3,18,Publicité,1,Précipité
643,1,658,0,0,1,0,0,29,Réseaux Sociaux,1,Précipité
644,4,1268,1,0,3,0,0,1,Publicité,1,Précipité
645,13,473,3,1,10,2,2,25,Recherche Organique,2,Chercheur des bonnes affaires
646,14,828,2,0,13,0,2,18,Publicité,0,Découvreur
647,18,290,0,2,12,0,2,28,Recherche Organique,0,Découvreur
648,14,550,5,0,12,3,0,22,Direct,2,Chercheur des bonnes affaires
649,10,779,3,0,8,1,3,4,Direct,2,Chercheur des bonnes affaires
650,11,627,2,2,7,1,1,8,Direct,0,Découvreur
651,5,654,1,0,3,0,0,3,Publicité,1,Précipité
652,11,944,4,0,6,2,3,22,Réseaux Sociaux,2,Chercheur des bonnes affaires
653,14,917,4,2,13,3,1,17,Recherche Organique,0,Découvreur
654,10,1212,5,0,8,2,2,24,Recherche Organique,2,Chercheur des bonnes affaires
655,9,263,4,0,7,0,0,4,Publicité,1,Précipité
656,10,428,5,0,7,2,0,23,Réseaux Sociaux,2,Chercheur des bonnes affaires
657,9,530,2,0,8,0,4,21,Réseaux Sociaux,1,Précipité
658,2,520,0,0,1,0,0,13,Direct,1,Précipité
659,4,580,0,0,3,0,0,23,Recherche Organique,1,Précipité
660,6,488,1,0,4,1,0,9,Publicité,1,Précipité
661,10,736,5,0,9,2,1,5,Publicité,2,Chercheur des bonnes affaires
662,4,100,0,0,2,0,0,1,Réseaux Sociaux,1,Précipité
663,8,821,0,0,5,0,3,24,Recherche Organique,1,Précipité
664,15,597,3,0,8,1,3,12,Direct,2,Chercheur des bonnes affaires
665,1,485,0,0,0,0,0,27,Publicité,1,Précipité
666,16,546,4,2,9,4,3,19,Recherche Organique,2,Chercheur des bonnes affaires
667,4,1001,2,0,3,1,0,16,Réseaux Sociaux,1,Précipité
668,1,100,0,0,1,0,0,27,Direct,1,Précipité
669,11,934,2,1,11,0,1,1,Publicité,0,Découvreur
670,1,513,0,0,0,0,0,18,Recherche Organique,1,Précipité
671,15,759,5,1,10,0,2,12,Direct,0,Découvreur
672,14,332,0,2,8,0,4,20,Réseaux Sociaux,0,Découvreur
673,18,585,4,2,13,2,2,21,Recherche Organique,0,Découvreur
674,6,540,3,0,5,3,3,0,Publicité,2,Chercheur des bonnes affaires
675,10,100,4,0,7,2,1,1,Publicité,2,Chercheur des bonnes affaires
676,8,1162,3,0,8,3,4,8,Réseaux Sociaux,2,Chercheur des bonnes affaires
677,4,201,2,0,3,2,0,0,Réseaux Sociaux,1,Précipité
678,1,775,0,0,1,0,0,11,Réseaux Sociaux,1,Précipité
679,11,350,5,2,8,5,5,14,Direct,2,Chercheur des bonnes affaires
680,6,654,0,0,5,0,1,14,Réseaux Sociaux,1,Précipité
681,6,1097,1,0,5,0,1,10,Direct,1,Précipité
682,16,592,1,0,9,0,1,5,Publicité,0,Découvreur
683,9,690,0,0,6,0,1,4,Recherche Organique,1,Précipité
684,10,765,4,0,10,3,5,16,Réseaux Sociaux,2,Chercheur des bonnes affaires
685,11,529,0,0,7,0,0,14,Direct,1,Précipité
686,11,214,5,1,7,2,4,2,Publicité,2,Chercheur des bonnes affaires
687,7,765,0,0,3,0,5,4,Recherche Organique,1,Précipité
688,6,355,1,0,3,0,1,27,Recherche Organique,1,Précipité
689,12,1141,0,2,9,0,1,24,Réseaux Sociaux,0,Découvreur
690,6,925,3,0,3,0,1,16,Direct,1,Précipité
691,10,523,5,0,8,1,0,12,Recherche Organique,2,Chercheur des bonnes affaires
692,7,248,0,0,4,0,2,21,Réseaux Sociaux,1,Précipité
693,1,384,0,0,0,0,0,14,Réseaux Sociaux,1,Précipité
694,16,692,5,0,14,1,5,11,Recherche Organique,2,Chercheur des bonnes affaires
695,12,869,5,0,7,5,1,1,Réseaux Sociaux,2,Chercheur des bonnes affaires
696,11,861,4,2,10,3,1,8,Réseaux Sociaux,2,Chercheur des bonnes affaires
697,1,582,0,0,1,0,0,18,Publicité,1,Précipité
698,10,174,1,0,10,1,5,12,Direct,2,Chercheur des bonnes affaires
699,10,645,4,0,10,3,5,17,Direct,2,Chercheur des bonnes affaires
700,14,100,2,2,8,2,4,18,Direct,0,Découvreur
701,16,218,0,2,11,0,0,30,Recherche Organique,0,Découvreur
702,15,1107,2,2,11,2,0,22,Publicité,0,Découvreur
703,7,462,3,0,7,1,4,26,Recherche Organique,2,Chercheur des bonnes affaires
704,10,631,4,0,6,2,2,11,Recherche Organique,2,Chercheur des bonnes affaires
705,6,1088,1,0,3,1,2,25,Publicité,1,Précipité
706,1,644,0,0,0,0,0,25,Réseaux Sociaux,1,Précipité
707,9,604,1,0,5,0,3,5,Recherche Organique,1,Précipité
708,6,663,3,0,6,2,4,14,Direct,2,Chercheur des bonnes affaires
709,4,581,1,0,4,1,0,21,Réseaux Sociaux,1,Précipité
710,12,692,1,2,10,0,5,6,Recherche Organique,0,Découvreur
711,14,865,2,0,10,0,2,16,Direct,0,Découvreur
712,6,421,2,0,6,0,5,7,Réseaux Sociaux,1,Précipité
713,10,937,4,0,8,3,1,20,Direct,2,Chercheur des bonnes affaires
714,6,885,1,0,5,0,5,10,Publicité,1,Précipité
715,8,1039,2,0,4,1,5,4,Recherche Organique,1,Précipité
716,7,469,2,0,7,0,4,20,Direct,1,Précipité
717,9,545,0,0,5,0,5,28,Direct,1,Précipité
718,5,454,2,0,4,1,0,2,Recherche Organique,1,Précipité
719,2,588,0,0,1,0,0,1,Direct,1,Précipité
720,1,548,0,0,1,0,0,4,Réseaux Sociaux,1,Précipité
721,8,788,0,0,5,0,5,2,Réseaux Sociaux,1,Précipité
722,15,546,5,0,8,5,0,11,Réseaux Sociaux,2,Chercheur des bonnes affaires
723,10,484,0,0,9,0,3,6,Recherche Organique,1,Précipité
724,6,486,0,0,5,0,3,28,Recherche Organique,1,Précipité
725,10,693,0,0,5,0,4,24,Réseaux Sociaux,1,Précipité
726,9,318,2,0,9,1,2,14,Direct,2,Chercheur des bonnes affaires
727,8,242,0,0,8,0,2,20,Réseaux Sociaux,1,Précipité
728,4,575,1,0,3,1,0,13,Publicité,1,Précipité
729,8,614,2,0,8,0,5,2,Réseaux Sociaux,1,Précipité
730,5,1017,2,0,4,2,0,11,Recherche Organique,1,Précipité
731,8,961,1,0,8,0,4,12,Recherche Organique,1,Précipité
732,17,636,4,0,17,1,3,10,Réseaux Sociaux,0,Découvreur
733,15,688,3,2,7,1,3,13,Publicité,0,Découvreur
734,15,481,5,1,11,2,1,3,Direct,2,Chercheur des bonnes affaires
735,16,838,4,0,13,1,1,3,Réseaux Sociaux,2,Chercheur des bonnes affaires
736,12,316,2,1,11,2,3,9,Publicité,0,Découvreur
737,16,860,2,1,8,2,3,18,Réseaux Sociaux,0,Découvreur
738,11,410,1,1,8,0,5,8,Réseaux Sociaux,0,Découvreur
739,7,100,1,0,4,1,4,1,Réseaux Sociaux,1,Précipité
740,1,1120,0,0,1,0,0,26,Direct,1,Précipité
741,12,441,2,1,11,2,2,24,Recherche Organique,0,Découvreur
742,2,276,1,0,1,0,0,16,Publicité,1,Précipité
743,11,102,5,0,6,1,4,5,Direct,2,Chercheur des bonnes affaires
744,11,736,2,2,5,1,5,5,Publicité,0,Découvreur
745,12,305,2,1,6,0,2,7,Direct,0,Découvreur
746,7,937,0,0,6,0,3,1,Direct,1,Précipité
747,13,509,4,0,8,4,0,1,Direct,2,Chercheur des bonnes affaires
748,15,474,4,1,14,0,5,26,Recherche Organique,0,Découvreur
749,5,131,2,0,3,1,0,8,Publicité,1,Précipité
750,14,426,2,1,9,1,4,9,Réseaux Sociaux,0,Découvreur
751,1,685,0,0,0,0,0,20,Réseaux Sociaux,1,Précipité
752,12,823,2,0,12,2,4,24,Réseaux Sociaux,2,Chercheur des bonnes affaires
753,7,523,2,0,7,0,3,7,Réseaux Sociaux,1,Précipité
754,13,210,0,0,10,0,0,11,Recherche Organique,1,Précipité
755,7,880,2,0,3,0,3,27,Publicité,1,Précipité
756,14,659,4,0,11,4,2,24,Publicité,2,Chercheur des bonnes affaires
757,11,463,3,2,5,3,0,26,Recherche Organique,2,Chercheur des bonnes affaires
758,4,100,0,0,4,0,0,20,Direct,1,Précipité
759,14,282,2,1,13,0,0,21,Réseaux Sociaux,0,Découvreur
760,16,895,0,0,10,0,0,13,Recherche Organique,0,Découvreur
761,1,1035,0,0,1,0,0,21,Direct,1,Précipité
762,15,239,1,2,12,1,0,0,Réseaux Sociaux,0,Découvreur
763,9,651,4,0,6,4,3,14,Recherche Organique,2,Chercheur des bonnes affaires
764,12,739,1,2,12,0,3,4,Recherche Organique,0,Découvreur
765,13,705,1,1,12,0,5,5,Publicité,0,Découvreur
766,2,1264,1,0,1,0,0,17,Direct,1,Précipité
767,7,576,2,0,4,1,2,9,Réseaux Sociaux,1,Précipité
768,12,443,3,2,9,0,3,9,Direct,0,Découvreur
769,12,846,1,1,12,0,5,22,Réseaux Sociaux,0,Découvreur
770,4,814,1,0,4,1,0,26,Réseaux Sociaux,1,Précipité
771,10,906,4,0,5,2,4,19,Recherche Organique,2,Chercheur des bonnes affaires
772,12,100,5,2,7,4,3,2,Recherche Organique,2,Chercheur des bonnes affaires
773,9,210,1,0,5,1,5,17,Recherche Organique,1,Précipité
774,13,846,5,1,9,0,3,14,Recherche Organique,0,Découvreur
775,11,596,2,0,7,2,3,6,Direct,2,Chercheur des bonnes affaires
776,14,711,1,2,14,1,0,8,Recherche Organique,0,Découvreur
777,14,287,5,0,8,2,2,15,Réseaux Sociaux,2,Chercheur des bonnes affaires
778,10,351,4,0,7,2,2,23,Publicité,2,Chercheur des bonnes affaires
779,10,100,2,0,8,0,3,5,Réseaux Sociaux,1,Précipité
780,2,525,0,0,2,0,0,17,Direct,1,Précipité
781,7,100,2,0,7,2,3,0,Publicité,2,Chercheur des bonnes affaires
782,18,633,3,0,14,1,1,19,Direct,0,Découvreur
783,7,921,2,0,6,1,0,29,Publicité,1,Précipité
784,10,960,2,0,7,2,2,10,Publicité,2,Chercheur des bonnes affaires
785,6,507,1,0,6,1,4,1,Réseaux Sociaux,1,Précipité
786,1,843,0,0,1,0,0,11,Réseaux Sociaux,1,Précipité
787,11,978,5,0,5,3,0,15,Recherche Organique,2,Chercheur des bonnes affaires
788,7,1352,2,0,5,1,2,24,Recherche Organique,1,Précipité
789,4,1028,2,0,2,0,0,7,Publicité,1,Précipité
790,22,697,1,1,16,1,4,9,Direct,0,Découvreur
791,10,605,5,0,8,2,5,17,Publicité,2,Chercheur des bonnes affaires
792,16,813,5,2,15,2,5,4,Publicité,0,Découvreur
793,21,557,1,0,13,1,4,25,Réseaux Sociaux,0,Découvreur
794,13,663,4,2,13,4,3,19,Réseaux Sociaux,2,Chercheur des bonnes affaires
795,12,705,2,1,8,2,0,9,Recherche Organique,2,Chercheur des bonnes affaires
796,8,704,4,0,8,3,0,10,Recherche Organique,2,Chercheur des bonnes affaires
797,17,531,2,2,15,0,3,29,Direct,0,Découvreur
798,5,574,2,0,3,2,0,14,Direct,1,Précipité
799,9,724,3,0,7,3,2,5,Publicité,2,Chercheur des bonnes affaires
800,16,1056,5,2,16,3,0,7,Recherche Organique,0,Découvreur
801,10,165,1,0,6,1,3,22,Publicité,1,Précipité
802,10,733,3,0,8,3,3,5,Recherche Organique,2,Chercheur des bonnes affaires
803,10,363,4,0,6,1,1,11,Recherche Organique,2,Chercheur des bonnes affaires
804,12,707,0,1,8,0,2,7,Recherche Organique,0,Découvreur
805,5,349,1,0,2,1,0,4,Direct,1,Précipité
806,1,373,0,0,0,0,0,19,Direct,1,Précipité
807,17,761,1,0,11,0,0,16,Recherche Organique,0,Découvreur
808,15,530,2,2,8,2,3,7,Publicité,0,Découvreur
809,8,279,0,0,8,0,2,4,Publicité,1,Précipité
810,18,829,3,2,14,3,2,18,Recherche Organique,0,Découvreur
811,9,283,4,0,9,1,3,4,Recherche Organique,2,Chercheur des bonnes affaires
812,6,100,2,0,6,2,3,8,Réseaux Sociaux,2,Chercheur des bonnes affaires
813,6,1230,2,0,3,2,3,17,Publicité,1,Précipité
814,16,650,5,0,16,0,5,12,Direct,0,Découvreur
815,15,642,3,2,8,3,3,7,Recherche Organique,0,Découvreur
816,10,626,4,0,7,3,5,5,Réseaux Sociaux,2,Chercheur des bonnes affaires
817,19,1192,0,1,16,0,1,20,Recherche Organique,0,Découvreur
818,8,100,4,0,8,1,5,1,Publicité,2,Chercheur des bonnes affaires
819,3,588,1,0,2,0,0,16,Réseaux Sociaux,1,Précipité
820,11,100,3,0,11,1,3,21,Recherche Organique,2,Chercheur des bonnes affaires
821,16,608,3,0,13,1,0,7,Recherche Organique,0,Découvreur
822,14,685,4,1,8,1,0,11,Direct,2,Chercheur des bonnes affaires
823,7,391,0,0,6,0,5,19,Réseaux Sociaux,1,Précipité
824,13,100,2,0,6,0,2,5,Réseaux Sociaux,1,Précipité
825,14,1149,3,0,8,2,3,16,Publicité,2,Chercheur des bonnes affaires
826,13,609,1,2,10,0,0,15,Réseaux Sociaux,0,Découvreur
827,12,299,0,2,9,0,5,9,Publicité,0,Découvreur
828,7,559,3,0,3,3,1,5,Réseaux Sociaux,2,Chercheur des bonnes affaires
829,3,223,0,0,1,0,0,5,Recherche Organique,1,Précipité
830,6,1043,2,0,4,0,4,29,Recherche Organique,1,Précipité
831,10,617,2,0,7,1,3,20,Publicité,2,Chercheur des bonnes affaires
832,12,778,2,1,7,0,0,17,Recherche Organique,0,Découvreur
833,9,353,1,0,9,0,4,30,Recherche Organique,1,Précipité
834,16,618,2,0,15,2,0,7,Publicité,0,Découvreur
835,11,439,0,1,5,0,3,13,Publicité,1,Précipité
836,1,323,0,0,1,0,0,22,Réseaux Sociaux,1,Précipité
837,14,759,5,2,11,1,2,16,Recherche Organique,0,Découvreur
838,16,1040,1,0,14,1,4,18,Réseaux Sociaux,0,Découvreur
839,6,832,2,0,6,0,4,28,Publicité,1,Précipité
840,9,674,1,0,4,0,5,10,Réseaux Sociaux,1,Précipité
841,5,796,0,0,3,0,0,17,Recherche Organique,1,Précipité
842,13,235,3,0,7,3,5,0,Publicité,2,Chercheur des bonnes affaires
843,13,264,5,2,6,5,1,6,Réseaux Sociaux,2,Chercheur des bonnes affaires
844,7,849,1,0,3,1,1,0,Publicité,1,Précipité
845,14,624,5,1,13,3,4,22,Réseaux Sociaux,2,Chercheur des bonnes affaires
846,8,393,4,0,7,3,3,25,Direct,2,Chercheur des bonnes affaires
847,13,609,5,0,6,3,3,5,Recherche Organique,2,Chercheur des bonnes affaires
848,10,286,0,0,7,0,1,29,Recherche Organique,1,Précipité
849,9,936,1,0,7,0,2,16,Réseaux Sociaux,1,Précipité
850,4,382,2,0,3,1,0,17,Publicité,1,Précipité
851,4,544,2,0,4,2,0,11,Réseaux Sociaux,1,Précipité
852,3,177,1,0,3,0,0,4,Recherche Organique,1,Précipité
853,9,463,4,0,8,1,4,12,Direct,2,Chercheur des bonnes affaires
854,5,443,1,0,4,1,0,27,Réseaux Sociaux,1,Précipité
855,11,1493,4,2,6,3,0,9,Publicité,2,Chercheur des bonnes affaires
856,14,752,5,2,14,1,3,27,Direct,0,Découvreur
857,13,980,3,2,8,2,3,28,Recherche Organique,0,Découvreur
858,13,330,3,1,10,0,2,11,Recherche Organique,0,Découvreur
859,7,684,2,0,4,0,2,24,Réseaux Sociaux,1,Précipité
860,13,341,3,1,13,3,4,3,Réseaux Sociaux,2,Chercheur des bonnes affaires
861,16,634,4,1,15,0,3,22,Recherche Organique,0,Découvreur
862,15,495,1,1,12,1,4,6,Réseaux Sociaux,0,Découvreur
863,12,1089,0,1,12,0,4,12,Recherche Organique,0,Découvreur
864,15,735,3,0,11,0,1,1,Publicité,0,Découvreur
865,5,354,1,0,3,0,0,11,Recherche Organique,1,Précipité
866,17,283,4,1,13,2,2,0,Recherche Organique,0,Découvreur
867,8,890,2,0,7,1,0,12,Direct,1,Précipité
868,12,362,5,1,8,4,4,18,Publicité,2,Chercheur des bonnes affaires
869,7,1165,3,0,5,0,1,7,Direct,1,Précipité
870,13,216,5,2,10,3,4,7,Réseaux Sociaux,2,Chercheur des bonnes affaires
871,15,913,4,1,10,3,4,28,Direct,2,Chercheur des bonnes affaires
872,6,444,2,0,5,0,4,11,Réseaux Sociaux,1,Précipité
873,11,718,3,1,8,2,4,25,Recherche Organique,2,Chercheur des bonnes affaires
874,9,474,2,0,4,2,0,18,Recherche Organique,1,Précipité
875,10,496,5,0,6,2,3,15,Publicité,2,Chercheur des bonnes affaires
876,1,305,0,0,0,0,0,9,Réseaux Sociaux,1,Précipité
877,1,672,0,0,1,0,0,4,Réseaux Sociaux,1,Précipité
878,16,1039,0,2,10,0,2,12,Réseaux Sociaux,0,Découvreur
879,9,100,1,0,7,0,3,23,Direct,1,Précipité
880,9,655,4,0,5,2,2,29,Réseaux Sociaux,2,Chercheur des bonnes affaires
881,5,201,1,0,3,0,0,28,Réseaux Sociaux,1,Précipité
882,12,798,3,0,8,0,1,22,Publicité,1,Précipité
883,8,174,0,0,4,0,3,23,Réseaux Sociaux,1,Précipité
884,15,457,3,2,9,1,3,3,Direct,0,Découvreur
885,7,748,2,0,6,1,4,13,Publicité,1,Précipité
886,7,624,3,0,6,0,0,7,Réseaux Sociaux,1,Précipité
887,4,737,1,0,2,1,0,26,Recherche Organique,1,Précipité
888,19,210,0,0,9,0,0,5,Direct,0,Découvreur
889,9,486,4,0,9,3,4,6,Recherche Organique,2,Chercheur des bonnes affaires
890,5,813,2,0,3,1,0,1,Direct,1,Précipité
891,17,585,3,1,17,1,4,19,Recherche Organique,0,Découvreur
892,12,205,0,1,11,0,5,24,Réseaux Sociaux,0,Découvreur
893,2,515,0,0,2,0,0,16,Recherche Organique,1,Précipité
894,9,100,4,0,6,1,0,28,Publicité,2,Chercheur des bonnes affaires
895,9,244,1,0,8,0,4,26,Réseaux Sociaux,1,Précipité
896,3,267,0,0,2,0,0,14,Direct,1,Précipité
897,15,745,0,1,10,0,2,6,Direct,0,Découvreur
898,11,789,1,1,10,1,1,23,Recherche Organique,0,Découvreur
899,9,553,3,0,4,2,5,26,Publicité,2,Chercheur des bonnes affaires
900,21,244,1,1,12,1,4,29,Réseaux Sociaux,0,Découvreur
901,2,783,1,0,1,1,0,15,Recherche Organique,1,Précipité
902,4,174,0,0,3,0,0,30,Publicité,1,Précipité
903,14,618,2,0,8,0,1,27,Recherche Organique,1,Précipité
904,1,705,0,0,1,0,0,16,Réseaux Sociaux,1,Précipité
905,19,536,1,2,12,0,2,1,Direct,0,Découvreur
906,7,123,2,0,7,0,5,19,Recherche Organique,1,Précipité
907,6,737,2,0,5,2,0,15,Réseaux Sociaux,1,Précipité
908,15,288,0,2,9,0,2,20,Réseaux Sociaux,0,Découvreur
909,8,886,4,0,4,4,3,15,Recherche Organique,2,Chercheur des bonnes affaires
910,18,708,2,1,11,1,4,23,Réseaux Sociaux,0,Découvreur
911,9,325,0,0,9,0,1,19,Direct,1,Précipité
912,4,1122,2,0,2,2,0,3,Direct,1,Précipité
913,13,588,4,2,12,0,3,25,Réseaux Sociaux,0,Découvreur
914,11,539,3,0,5,0,2,3,Recherche Organique,1,Précipité
915,3,721,0,0,3,0,0,9,Direct,1,Précipité
916,9,717,2,0,4,0,0,22,Publicité,1,Précipité
917,15,689,0,0,11,0,5,23,Recherche Organique,0,Découvreur
918,8,924,2,0,6,0,2,26,Publicité,1,Précipité
919,13,552,0,1,8,0,5,21,Publicité,0,Découvreur
920,5,526,2,0,2,2,0,25,Publicité,1,Précipité
921,9,504,3,0,5,0,1,30,Direct,1,Précipité
922,11,577,2,1,7,2,4,0,Direct,2,Chercheur des bonnes affaires
923,15,1069,2,1,14,2,2,11,Recherche Organique,0,Découvreur
924,11,990,2,0,10,0,0,1,Publicité,1,Précipité
925,7,613,3,0,7,1,2,0,Recherche Organique,2,Chercheur des bonnes affaires
926,3,889,0,0,1,0,0,3,Publicité,1,Précipité
927,10,862,5,0,6,0,5,19,Direct,2,Chercheur des bonnes affaires
928,12,447,3,1,11,2,5,0,Direct,2,Chercheur des bonnes affaires
929,4,561,1,0,2,0,0,19,Réseaux Sociaux,1,Précipité
930,13,434,5,0,12,4,3,29,Recherche Organique,2,Chercheur des bonnes affaires
931,7,321,0,0,6,0,1,9,Direct,1,Précipité
932,10,749,0,0,6,0,2,28,Publicité,1,Précipité
933,7,671,3,0,6,3,0,22,Réseaux Sociaux,2,Chercheur des bonnes affaires
934,11,100,1,2,9,1,2,5,Réseaux Sociaux,0,Découvreur
935,12,820,0,2,6,0,0,10,Publicité,0,Découvreur
936,5,619,0,0,4,0,0,10,Publicité,1,Précipité
937,8,576,4,0,6,0,3,26,Réseaux Sociaux,2,Chercheur des bonnes affaires
938,12,512,3,0,7,2,0,16,Réseaux Sociaux,2,Chercheur des bonnes affaires
939,16,341,4,2,16,1,2,13,Direct,0,Découvreur
940,11,337,4,1,8,4,1,27,Direct,2,Chercheur des bonnes affaires
941,2,351,0,0,2,0,0,13,Réseaux Sociaux,1,Précipité
942,11,100,0,0,11,0,1,8,Direct,1,Précipité
943,9,732,4,0,5,1,3,20,Recherche Organique,2,Chercheur des bonnes affaires
944,10,828,1,0,5,0,0,19,Réseaux Sociaux,1,Précipité
945,8,100,2,0,8,2,1,0,Publicité,2,Chercheur des bonnes affaires
946,14,336,0,2,14,0,5,16,Recherche Organique,0,Découvreur
947,9,508,1,0,8,0,0,26,Direct,1,Précipité
948,13,531,5,1,13,2,1,19,Réseaux Sociaux,2,Chercheur des bonnes affaires
949,15,336,0,1,7,0,0,15,Direct,0,Découvreur
950,12,998,1,0,9,1,5,27,Direct,2,Chercheur des bonnes affaires
951,12,654,3,1,11,0,5,17,Réseaux Sociaux,0,Découvreur
952,8,1402,4,0,7,2,4,12,Recherche Organique,2,Chercheur des bonnes affaires
953,10,648,4,0,9,2,0,0,Direct,2,Chercheur des bonnes affaires
954,1,180,0,0,1,0,0,21,Recherche Organique,1,Précipité
955,2,993,0,0,2,0,0,12,Publicité,1,Précipité
956,7,439,1,0,4,1,3,0,Recherche Organique,1,Précipité
957,13,496,5,2,13,2,4,15,Réseaux Sociaux,0,Découvreur
958,7,170,1,0,5,1,0,15,Recherche Organique,1,Précipité
959,7,1169,1,0,6,0,3,17,Réseaux Sociaux,1,Précipité
960,7,459,3,0,5,1,4,0,Publicité,2,Chercheur des bonnes affaires
961,12,551,5,0,10,5,3,29,Recherche Organique,2,Chercheur des bonnes affaires
962,8,1366,3,0,6,3,3,25,Recherche Organique,2,Chercheur des bonnes affaires
963,14,1027,2,0,12,0,0,30,Recherche Organique,0,Découvreur
964,20,623,0,1,16,0,3,18,Direct,0,Découvreur
965,9,366,1,0,8,1,1,13,Publicité,1,Précipité
966,12,636,0,2,12,0,2,18,Réseaux Sociaux,0,Découvreur
967,16,860,0,1,14,0,3,0,Publicité,0,Découvreur
968,9,911,0,0,6,0,0,11,Recherche Organique,1,Précipité
969,6,658,2,0,3,2,1,20,Recherche Organique,1,Précipité
970,10,573,0,0,10,0,4,4,Publicité,1,Précipité
971,14,736,3,0,8,1,1,23,Direct,2,Chercheur des bonnes affaires
972,12,779,4,2,12,4,2,7,Recherche Organique,2,Chercheur des bonnes affaires
973,7,553,1,0,5,1,3,16,Réseaux Sociaux,1,Précipité
974,9,1476,4,0,4,3,2,29,Recherche Organique,2,Chercheur des bonnes affaires
975,10,846,0,0,8,0,1,11,Direct,1,Précipité
976,10,533,3,0,5,1,1,0,Publicité,1,Précipité
977,13,465,4,0,9,0,3,27,Publicité,2,Chercheur des bonnes affaires
978,5,1223,0,0,2,0,0,7,Direct,1,Précipité
979,6,771,2,0,5,2,3,3,Direct,2,Chercheur des bonnes affaires
980,17,452,0,0,15,0,0,5,Réseaux Sociaux,0,Découvreur
981,10,365,1,0,8,0,0,17,Réseaux Sociaux,1,Précipité
982,8,491,4,0,4,3,5,14,Réseaux Sociaux,2,Chercheur des bonnes affaires
983,13,1021,1,1,13,0,1,7,Réseaux Sociaux,0,Découvreur
984,7,924,1,0,7,0,2,7,Publicité,1,Précipité
985,17,691,2,0,17,1,0,28,Publicité,0,Découvreur
986,11,290,1,2,11,1,0,22,Publicité,0,Découvreur
987,15,496,0,1,8,0,4,23,Recherche Organique,0,Découvreur
988,11,583,3,2,10,3,4,1,Direct,0,Découvreur
989,21,444,0,0,12,0,1,11,Direct,0,Découvreur
990,10,426,5,0,9,3,4,6,Direct,2,Chercheur des bonnes affaires
991,6,673,2,0,5,1,1,8,Réseaux Sociaux,1,Précipité
992,17,1175,1,1,16,0,3,16,Publicité,0,Découvreur
993,7,119,1,0,6,0,2,26,Recherche Organique,1,Précipité
994,13,843,4,0,13,4,0,15,Recherche Organique,2,Chercheur des bonnes affaires
995,10,475,4,0,6,1,4,25,Direct,2,Chercheur des bonnes affaires
996,10,308,5,0,7,4,2,25,Direct,2,Chercheur des bonnes affaires
997,1,931,0,0,0,0,0,9,Recherche Organique,1,Précipité
998,6,528,0,0,4,0,3,19,Direct,1,Précipité
999,10,944,0,0,7,0,3,14,Direct,1,Précipité
1000,14,731,2,1,11,0,4,10,Publicité,0,Découvreur
