UserID,PagesVisitées,TempsTotal (sec),AjoutPanier,AjoutWishlist,ProduitsConsultés,ProduitsAchetés,PromosConsultées,DélaiEntreVisites (jours),SourceTrafic
1,17,1114,2,1,9,0,1,3,Publicité
2,4,408,0,0,4,0,0,9,Publicité
3,9,667,0,0,9,0,0,25,Publicité
4,18,699,1,2,13,1,1,20,Recherche Organique
5,16,285,3,1,10,2,3,17,Direct
6,13,625,0,2,11,0,2,25,Publicité
7,4,134,2,0,4,2,0,14,Recherche Organique
8,4,729,0,0,4,0,0,29,Direct
9,8,686,1,0,7,1,5,14,Recherche Organique
10,15,748,1,2,14,0,1,29,Réseaux Sociaux
11,9,1171,3,0,9,2,2,21,Publicité
12,1,617,0,0,1,0,0,26,Réseaux Sociaux
13,10,946,1,0,8,1,1,16,Recherche Organique
14,14,620,0,2,12,0,2,17,Direct
15,8,706,2,0,7,2,0,17,Direct
16,9,249,3,0,4,3,0,9,Direct
17,8,1075,1,0,6,1,1,13,Publicité
18,5,656,2,0,2,0,0,0,Publicité
19,3,1029,1,0,3,0,0,13,Publicité
20,5,631,2,0,5,1,0,8,Recherche Organique
21,9,389,4,0,9,0,0,27,Recherche Organique
22,11,188,4,0,6,4,4,22,Direct
23,20,504,3,2,11,2,2,5,Réseaux Sociaux
24,15,775,2,1,12,0,2,3,Recherche Organique
25,15,151,2,1,9,2,4,21,Publicité
26,11,663,0,0,10,0,0,19,Direct
27,1,1032,0,0,1,0,0,16,Réseaux Sociaux
28,10,574,2,0,5,1,5,5,Recherche Organique
29,10,536,4,0,9,4,1,20,Publicité
30,13,510,4,2,11,0,2,7,Recherche Organique
31,9,565,1,0,9,1,3,20,Publicité
32,16,859,4,1,16,2,0,23,Recherche Organique
33,11,100,2,1,9,2,2,2,Publicité
34,13,925,2,1,7,0,4,15,Direct
35,2,478,0,0,2,0,0,13,Réseaux Sociaux
36,18,426,0,0,14,0,3,5,Direct
37,16,625,3,0,16,0,1,30,Publicité
38,6,100,1,0,4,1,4,15,Direct
39,10,829,2,0,5,2,3,28,Publicité
40,11,441,1,0,11,1,4,4,Direct
41,10,690,5,0,5,0,2,2,Recherche Organique
42,12,108,3,1,12,1,4,24,Publicité
43,5,797,0,0,5,0,0,21,Recherche Organique
44,15,742,0,1,10,0,0,13,Direct
45,8,1268,4,0,5,0,4,18,Réseaux Sociaux
46,5,695,1,0,4,1,0,7,Réseaux Sociaux
47,13,503,5,0,13,4,4,14,Direct
48,2,284,1,0,2,0,0,0,Réseaux Sociaux
49,7,396,3,0,3,0,2,25,Publicité
50,1,815,0,0,0,0,0,6,Direct
51,8,716,0,0,4,0,3,12,Direct
52,18,984,5,2,16,0,4,17,Recherche Organique
53,15,572,0,0,13,0,0,0,Direct
54,3,918,1,0,1,0,0,24,Recherche Organique
55,7,841,2,0,3,0,2,15,Publicité
56,11,723,4,0,7,4,5,12,Publicité
57,10,220,3,0,7,2,4,18,Direct
58,18,100,3,1,17,3,2,9,Publicité
59,10,125,5,0,9,4,4,7,Réseaux Sociaux
60,13,318,4,2,8,4,1,13,Recherche Organique
61,6,743,3,0,5,3,4,5,Publicité
62,13,251,3,0,10,3,3,2,Publicité
63,8,543,2,0,7,2,0,17,Direct
64,3,814,0,0,2,0,0,21,Publicité
65,17,381,2,2,12,0,2,4,Publicité
66,15,723,3,1,15,3,4,22,Publicité
67,7,653,2,0,6,1,1,8,Direct
68,8,363,3,0,5,2,0,1,Direct
69,14,684,4,1,13,3,3,18,Recherche Organique
70,6,1470,1,0,4,0,5,10,Recherche Organique
71,5,888,1,0,4,1,0,24,Direct
72,10,969,4,0,8,1,4,15,Publicité
73,8,778,2,0,6,0,4,1,Recherche Organique
74,15,889,4,1,8,3,0,14,Direct
75,12,1171,3,1,11,3,2,28,Direct
76,9,1039,0,0,5,0,4,22,Recherche Organique
77,16,951,1,0,8,0,1,4,Réseaux Sociaux
78,5,489,0,0,4,0,0,12,Recherche Organique
79,18,350,4,2,18,3,5,28,Recherche Organique
80,12,100,4,0,6,0,0,5,Direct
81,16,684,2,0,15,1,3,14,Direct
82,5,936,1,0,3,0,0,4,Publicité
83,7,210,1,0,7,1,5,18,Recherche Organique
84,12,748,2,2,12,1,5,26,Direct
85,7,305,1,0,3,1,3,3,Réseaux Sociaux
86,5,523,1,0,4,0,0,2,Publicité
87,6,511,2,0,6,2,0,26,Recherche Organique
88,9,478,0,0,9,0,5,11,Réseaux Sociaux
89,8,1008,3,0,4,1,1,24,Recherche Organique
90,21,848,3,2,17,0,4,22,Réseaux Sociaux
91,18,634,0,2,13,0,4,0,Direct
92,4,511,0,0,4,0,0,10,Recherche Organique
93,7,353,3,0,3,1,2,17,Réseaux Sociaux
94,4,1204,0,0,2,0,0,15,Direct
95,4,755,1,0,2,1,0,5,Réseaux Sociaux
96,12,721,3,1,12,0,1,3,Réseaux Sociaux
97,22,259,5,1,22,4,4,6,Publicité
98,3,800,0,0,2,0,0,2,Réseaux Sociaux
99,10,372,3,0,6,1,5,8,Publicité
100,8,756,4,0,4,0,2,23,Recherche Organique
101,3,553,0,0,2,0,0,19,Réseaux Sociaux
102,4,605,0,0,2,0,0,27,Direct
103,12,100,1,0,12,1,0,26,Publicité
104,12,1244,3,1,6,0,0,22,Recherche Organique
105,8,739,3,0,7,0,4,11,Publicité
106,3,868,1,0,2,0,0,22,Réseaux Sociaux
107,11,465,5,0,8,5,3,0,Publicité
108,7,761,1,0,3,0,4,4,Réseaux Sociaux
109,8,703,4,0,6,1,2,3,Réseaux Sociaux
110,7,656,2,0,7,2,2,25,Recherche Organique
111,9,118,0,0,6,0,4,6,Direct
112,13,446,3,2,10,0,1,3,Réseaux Sociaux
113,5,100,1,0,5,0,0,0,Recherche Organique
114,7,480,2,0,6,1,0,14,Publicité
115,14,1086,0,2,9,0,1,17,Recherche Organique
116,8,790,2,0,8,2,0,27,Recherche Organique
117,5,714,0,0,2,0,0,1,Direct
118,1,648,0,0,0,0,0,25,Direct
119,7,269,2,0,5,1,0,3,Recherche Organique
120,4,593,0,0,4,0,0,21,Direct
121,9,399,2,0,6,1,0,21,Réseaux Sociaux
122,16,921,3,1,13,1,2,2,Publicité
123,12,699,4,0,11,2,2,23,Réseaux Sociaux
124,16,523,1,0,16,0,4,20,Recherche Organique
125,7,196,2,0,3,0,1,0,Direct
126,12,769,3,1,11,0,0,4,Recherche Organique
127,7,579,2,0,4,2,4,22,Direct
128,12,222,0,1,8,0,5,20,Recherche Organique
129,18,521,3,0,12,1,0,19,Recherche Organique
130,10,290,4,0,10,3,1,13,Recherche Organique
131,12,920,3,2,10,2,1,0,Recherche Organique
132,14,426,2,0,10,2,4,11,Direct
133,10,335,0,0,9,0,4,22,Recherche Organique
134,15,934,0,1,8,0,1,23,Réseaux Sociaux
135,1,174,0,0,1,0,0,30,Réseaux Sociaux
136,8,100,2,0,4,0,0,18,Publicité
137,2,548,1,0,2,0,0,19,Publicité
138,6,1103,0,0,3,0,1,25,Publicité
139,14,429,5,0,7,4,1,5,Recherche Organique
140,12,462,1,0,11,0,3,18,Publicité
141,10,365,3,0,7,0,2,26,Recherche Organique
142,10,485,3,0,7,2,3,0,Recherche Organique
143,12,407,3,1,9,2,3,12,Direct
144,11,550,4,1,9,0,4,30,Publicité
145,5,471,1,0,4,1,0,17,Recherche Organique
146,11,638,4,0,6,2,2,0,Recherche Organique
147,24,778,3,2,18,3,4,4,Recherche Organique
148,11,255,2,1,11,2,3,11,Réseaux Sociaux
149,6,100,1,0,5,0,3,10,Recherche Organique
150,14,282,4,0,11,3,0,25,Recherche Organique
151,1,241,0,0,0,0,0,12,Réseaux Sociaux
152,4,1022,1,0,3,1,0,16,Réseaux Sociaux
153,8,433,1,0,7,0,3,26,Publicité
154,9,347,2,0,9,1,0,2,Direct
155,12,100,5,2,7,5,4,23,Publicité
156,11,385,5,0,7,1,5,15,Réseaux Sociaux
157,17,372,0,2,17,0,5,6,Publicité
158,10,995,4,0,6,2,0,14,Réseaux Sociaux
159,9,598,2,0,4,2,5,5,Recherche Organique
160,6,796,0,0,6,0,0,11,Direct
161,16,556,1,2,15,1,3,8,Recherche Organique
162,17,100,2,2,16,0,0,10,Recherche Organique
163,10,100,5,0,10,5,3,18,Recherche Organique
164,16,322,1,0,16,1,4,29,Direct
165,13,692,2,1,11,0,3,28,Publicité
166,8,314,2,0,5,0,4,21,Recherche Organique
167,14,445,5,1,14,3,2,22,Publicité
168,1,1020,0,0,1,0,0,21,Publicité
169,8,699,3,0,7,2,1,8,Réseaux Sociaux
170,1,398,0,0,1,0,0,15,Réseaux Sociaux
171,8,145,3,0,7,2,0,19,Publicité
172,11,638,3,1,8,3,4,8,Publicité
173,6,551,0,0,6,0,4,17,Direct
174,12,100,1,0,7,1,5,10,Direct
175,5,653,0,0,3,0,0,5,Recherche Organique
176,16,571,2,0,11,1,2,2,Réseaux Sociaux
177,5,377,0,0,3,0,0,18,Publicité
178,8,697,4,0,6,2,3,0,Recherche Organique
179,15,1197,4,1,11,4,1,6,Direct
180,12,348,3,2,7,3,5,2,Réseaux Sociaux
181,8,100,0,0,6,0,5,21,Direct
182,2,694,0,0,1,0,0,7,Publicité
183,23,854,1,2,17,0,1,2,Publicité
184,10,813,3,0,9,0,5,9,Réseaux Sociaux
185,11,880,5,0,6,2,0,28,Réseaux Sociaux
186,8,150,3,0,7,0,3,21,Réseaux Sociaux
187,9,333,0,0,7,0,1,20,Réseaux Sociaux
188,6,706,2,0,4,1,5,19,Réseaux Sociaux
189,12,819,3,2,10,2,2,23,Recherche Organique
190,13,680,3,0,12,1,3,24,Recherche Organique
191,12,544,5,2,8,3,0,12,Recherche Organique
192,1,619,0,0,1,0,0,20,Direct
193,16,576,0,2,12,0,1,19,Recherche Organique
194,6,777,2,0,4,2,5,30,Direct
195,8,925,2,0,8,1,1,12,Publicité
196,6,100,2,0,5,1,2,9,Direct
197,18,202,5,2,14,0,3,22,Publicité
198,11,526,4,1,6,1,4,26,Direct
199,2,293,0,0,2,0,0,0,Réseaux Sociaux
200,14,554,1,0,8,1,2,14,Direct
201,10,209,0,0,8,0,3,13,Direct
202,4,482,1,0,2,0,0,1,Recherche Organique
203,13,100,0,2,8,0,2,1,Direct
204,11,713,0,0,10,0,3,4,Recherche Organique
205,14,799,0,2,12,0,4,4,Direct
206,13,281,0,0,8,0,1,21,Recherche Organique
207,3,415,1,0,2,0,0,26,Direct
208,7,1094,0,0,4,0,3,30,Réseaux Sociaux
209,7,1014,0,0,4,0,2,11,Publicité
210,8,748,4,0,4,1,2,16,Publicité
211,5,542,2,0,2,2,0,23,Réseaux Sociaux
212,4,670,0,0,3,0,0,1,Direct
213,14,803,1,0,12,0,2,4,Réseaux Sociaux
214,19,296,3,1,15,1,3,25,Réseaux Sociaux
215,11,615,3,0,8,0,5,21,Publicité
216,12,412,2,1,10,2,2,10,Publicité
217,21,638,5,1,21,3,1,16,Recherche Organique
218,10,632,4,0,10,1,3,29,Recherche Organique
219,17,888,1,2,16,1,5,14,Réseaux Sociaux
220,11,255,0,2,6,0,5,15,Direct
221,9,356,4,0,6,1,2,20,Recherche Organique
222,14,100,5,1,9,1,5,11,Réseaux Sociaux
223,9,463,3,0,7,2,2,14,Recherche Organique
224,8,706,1,0,7,0,5,17,Direct
225,15,108,4,2,9,2,2,24,Direct
226,4,820,2,0,4,0,0,23,Recherche Organique
227,8,1024,0,0,5,0,2,24,Direct
228,6,926,1,0,5,1,5,25,Publicité
229,3,822,0,0,3,0,0,17,Réseaux Sociaux
230,10,613,3,0,5,3,2,12,Réseaux Sociaux
231,16,205,0,0,9,0,0,29,Recherche Organique
232,12,100,5,0,11,0,0,22,Recherche Organique
233,15,294,4,2,8,1,2,12,Publicité
234,9,687,3,0,8,0,4,4,Direct
235,5,546,0,0,3,0,0,1,Réseaux Sociaux
236,9,1188,0,0,5,0,2,30,Réseaux Sociaux
237,12,586,0,0,11,0,1,27,Recherche Organique
238,3,1012,1,0,1,0,0,7,Publicité
239,11,479,0,2,7,0,0,5,Recherche Organique
240,11,479,0,1,8,0,3,2,Direct
241,6,736,3,0,4,3,4,22,Réseaux Sociaux
242,10,1156,5,0,8,5,1,1,Recherche Organique
243,7,720,2,0,7,0,5,21,Direct
244,7,514,3,0,7,3,2,1,Direct
245,1,932,0,0,0,0,0,30,Publicité
246,5,647,2,0,3,2,0,17,Réseaux Sociaux
247,9,422,1,0,5,0,1,4,Direct
248,9,976,2,0,4,0,2,8,Publicité
249,14,534,3,0,13,3,1,23,Recherche Organique
250,2,883,0,0,2,0,0,9,Réseaux Sociaux
251,9,535,4,0,4,2,2,15,Réseaux Sociaux
252,7,1443,3,0,4,0,5,16,Publicité
253,15,453,1,0,13,0,1,5,Réseaux Sociaux
254,7,1062,1,0,4,0,3,8,Direct
255,11,146,0,2,5,0,5,19,Direct
256,1,100,0,0,0,0,0,15,Publicité
257,16,480,1,2,8,1,2,27,Recherche Organique
258,5,496,2,0,4,1,0,5,Réseaux Sociaux
259,2,710,1,0,2,0,0,10,Publicité
260,3,468,0,0,2,0,0,16,Recherche Organique
261,12,1041,3,1,11,3,0,12,Publicité
262,9,948,2,0,7,1,5,28,Recherche Organique
263,8,100,3,0,6,3,4,14,Direct
264,2,595,1,0,2,0,0,24,Direct
265,9,288,4,0,9,4,5,6,Direct
266,16,805,1,0,11,1,5,12,Publicité
267,13,703,0,1,12,0,2,8,Publicité
268,8,768,1,0,6,1,5,8,Réseaux Sociaux
269,9,1119,2,0,7,1,1,29,Publicité
270,12,941,2,1,8,0,4,6,Publicité
271,8,185,1,0,6,0,1,23,Recherche Organique
272,17,756,5,1,15,1,3,27,Recherche Organique
273,12,445,4,2,7,4,2,28,Publicité
274,18,857,1,0,9,0,3,5,Réseaux Sociaux
275,6,490,2,0,6,1,1,28,Direct
276,10,676,3,0,6,3,2,25,Réseaux Sociaux
277,18,728,4,0,16,2,2,6,Recherche Organique
278,11,511,1,0,9,1,2,11,Direct
279,5,602,2,0,4,1,0,28,Direct
280,7,907,1,0,5,0,3,1,Publicité
281,6,623,0,0,3,0,1,11,Recherche Organique
282,7,535,3,0,3,1,2,17,Publicité
283,3,532,0,0,1,0,0,13,Réseaux Sociaux
284,4,1001,2,0,3,0,0,27,Réseaux Sociaux
285,5,631,1,0,2,0,0,4,Publicité
286,12,283,0,0,6,0,5,0,Publicité
287,11,467,2,0,10,0,0,12,Direct
288,4,841,2,0,4,0,0,10,Réseaux Sociaux
289,12,443,0,0,8,0,1,16,Publicité
290,7,299,0,0,5,0,4,2,Direct
291,2,665,0,0,1,0,0,17,Recherche Organique
292,3,680,0,0,1,0,0,27,Direct
293,12,633,0,2,11,0,0,11,Direct
294,14,100,3,2,7,0,0,5,Réseaux Sociaux
295,3,128,1,0,3,0,0,29,Publicité
296,12,413,3,2,7,2,0,14,Publicité
297,6,646,0,0,3,0,4,16,Réseaux Sociaux
298,11,801,2,1,10,1,1,19,Réseaux Sociaux
299,10,917,2,0,5,2,3,25,Recherche Organique
300,9,100,1,0,8,0,0,4,Direct
301,4,894,1,0,2,1,0,6,Recherche Organique
302,7,813,3,0,4,2,3,28,Recherche Organique
303,9,855,4,0,6,4,4,16,Recherche Organique
304,13,170,3,2,11,2,2,10,Réseaux Sociaux
305,8,525,0,0,5,0,0,24,Publicité
306,9,993,2,0,9,0,5,30,Publicité
307,24,945,2,1,20,0,4,23,Réseaux Sociaux
308,17,434,0,0,14,0,4,30,Publicité
309,11,797,1,0,6,0,1,24,Recherche Organique
310,5,556,1,0,4,1,0,23,Direct
311,5,349,0,0,4,0,0,21,Recherche Organique
312,10,626,3,0,5,1,4,20,Réseaux Sociaux
313,8,629,3,0,7,3,3,0,Recherche Organique
314,13,585,0,0,7,0,2,1,Publicité
315,4,611,2,0,2,1,0,22,Publicité
316,11,658,3,2,9,1,5,5,Réseaux Sociaux
317,15,792,1,1,9,1,0,1,Réseaux Sociaux
318,16,135,4,1,9,1,3,23,Réseaux Sociaux
319,22,804,2,0,14,0,1,20,Direct
320,6,527,0,0,3,0,0,26,Réseaux Sociaux
321,7,749,1,0,7,0,0,24,Direct
322,9,712,1,0,6,1,0,3,Publicité
323,15,620,4,2,10,4,3,7,Publicité
324,6,320,0,0,6,0,1,11,Recherche Organique
325,5,789,0,0,4,0,0,22,Réseaux Sociaux
326,7,672,0,0,4,0,0,26,Direct
327,1,726,0,0,1,0,0,25,Réseaux Sociaux
328,1,849,0,0,1,0,0,15,Publicité
329,13,819,0,1,12,0,3,7,Direct
330,2,562,0,0,1,0,0,22,Réseaux Sociaux
331,10,1010,5,0,7,2,0,6,Recherche Organique
332,2,565,1,0,2,0,0,22,Direct
333,17,807,1,1,17,0,3,16,Réseaux Sociaux
334,16,972,1,0,14,0,3,13,Direct
335,11,872,2,1,5,1,4,7,Recherche Organique
336,12,100,3,2,11,2,2,5,Recherche Organique
337,13,362,5,0,10,1,1,30,Publicité
338,19,594,0,0,12,0,3,17,Réseaux Sociaux
339,17,499,1,0,17,1,5,28,Recherche Organique
340,12,1046,1,0,12,1,0,8,Publicité
341,10,410,1,0,5,0,4,7,Direct
342,9,1031,3,0,9,0,5,15,Publicité
343,13,459,4,1,11,1,5,1,Recherche Organique
344,6,862,1,0,3,0,1,23,Recherche Organique
345,7,799,2,0,4,1,3,3,Direct
346,8,700,1,0,5,1,0,23,Publicité
347,10,185,4,0,5,1,0,16,Direct
348,16,554,0,0,14,0,4,18,Publicité
349,8,490,3,0,4,1,0,0,Réseaux Sociaux
350,8,217,3,0,7,3,0,19,Réseaux Sociaux
351,8,304,2,0,4,2,4,0,Direct
352,14,973,3,2,9,3,0,3,Réseaux Sociaux
353,16,655,3,1,8,3,5,20,Publicité
354,10,290,2,0,5,0,3,4,Recherche Organique
355,13,385,2,1,12,1,4,7,Publicité
356,10,706,2,0,6,1,3,0,Réseaux Sociaux
357,12,294,0,2,6,0,0,28,Recherche Organique
358,2,463,0,0,1,0,0,25,Recherche Organique
359,10,602,5,0,8,0,5,23,Réseaux Sociaux
360,6,440,2,0,3,1,5,8,Publicité
361,9,1226,1,0,5,1,2,2,Réseaux Sociaux
362,11,375,3,2,9,1,0,6,Direct
363,14,540,4,2,9,4,1,23,Publicité
364,7,1111,1,0,6,0,5,20,Réseaux Sociaux
365,21,643,0,1,12,0,3,0,Publicité
366,9,1081,1,0,9,0,1,29,Recherche Organique
367,7,1256,2,0,4,2,3,12,Direct
368,5,104,1,0,5,0,0,8,Réseaux Sociaux
369,11,821,5,2,7,2,0,24,Recherche Organique
370,8,907,0,0,4,0,3,6,Publicité
371,5,373,2,0,2,1,0,7,Publicité
372,15,500,3,1,13,3,0,1,Recherche Organique
373,8,792,0,0,7,0,4,12,Recherche Organique
374,13,744,3,0,9,1,3,20,Recherche Organique
375,13,436,5,0,7,0,5,14,Recherche Organique
376,2,348,1,0,1,0,0,4,Direct
377,15,596,2,1,12,1,1,25,Recherche Organique
378,5,100,0,0,4,0,0,30,Réseaux Sociaux
379,11,587,0,1,5,0,0,14,Publicité
380,18,690,3,1,15,2,1,0,Publicité
381,15,803,3,0,8,1,0,8,Publicité
382,10,990,4,0,6,0,1,0,Publicité
383,9,526,0,0,8,0,0,11,Recherche Organique
384,13,1035,2,0,7,2,4,28,Publicité
385,8,925,2,0,5,1,4,18,Recherche Organique
386,9,660,1,0,9,0,2,7,Recherche Organique
387,17,720,1,2,11,0,3,5,Recherche Organique
388,6,848,3,0,4,0,2,7,Recherche Organique
389,10,401,0,0,6,0,4,26,Recherche Organique
390,13,515,3,1,13,0,4,19,Recherche Organique
391,4,937,2,0,4,0,0,28,Direct
392,15,321,5,1,9,3,3,9,Direct
393,5,680,1,0,3,1,0,5,Publicité
394,7,100,1,0,4,1,1,30,Réseaux Sociaux
395,8,948,2,0,5,0,3,21,Recherche Organique
396,10,738,2,0,7,2,2,5,Réseaux Sociaux
397,18,434,2,1,16,1,0,17,Direct
398,9,600,2,0,8,2,2,14,Publicité
399,12,612,0,2,9,0,2,6,Publicité
400,18,696,5,1,18,1,2,27,Publicité
401,12,151,3,1,8,1,3,28,Publicité
402,12,503,2,2,7,0,5,7,Recherche Organique
403,14,354,3,2,12,0,3,22,Recherche Organique
404,15,338,5,0,14,3,0,6,Publicité
405,6,1276,2,0,6,1,0,3,Réseaux Sociaux
406,7,921,0,0,5,0,1,20,Direct
407,17,484,3,0,15,3,3,29,Recherche Organique
408,3,446,0,0,1,0,0,29,Recherche Organique
409,7,527,3,0,3,0,5,7,Réseaux Sociaux
410,19,213,0,0,19,0,4,16,Direct
411,13,397,1,2,11,1,2,1,Recherche Organique
412,8,771,3,0,8,1,2,9,Réseaux Sociaux
413,11,407,4,1,5,3,0,14,Réseaux Sociaux
414,9,815,4,0,7,2,1,3,Recherche Organique
415,3,184,0,0,2,0,0,13,Réseaux Sociaux
416,11,535,0,1,9,0,2,7,Publicité
417,12,238,2,0,8,1,5,12,Direct
418,12,398,1,2,8,1,5,7,Publicité
419,9,299,0,0,9,0,1,29,Recherche Organique
420,4,478,1,0,2,1,0,21,Publicité
421,5,779,1,0,5,1,0,9,Réseaux Sociaux
422,12,402,5,1,12,4,2,14,Recherche Organique
423,9,620,1,0,5,1,5,4,Publicité
424,2,735,1,0,1,1,0,11,Réseaux Sociaux
425,16,341,5,1,11,0,1,24,Réseaux Sociaux
426,7,566,1,0,5,1,1,12,Publicité
427,6,100,2,0,6,0,0,5,Publicité
428,9,338,4,0,8,4,4,13,Publicité
429,2,1069,1,0,2,0,0,25,Recherche Organique
430,9,1291,1,0,6,0,3,26,Direct
431,6,604,2,0,4,2,2,30,Direct
432,11,841,2,0,10,1,1,20,Réseaux Sociaux
433,14,342,3,2,7,0,1,23,Publicité
434,9,1101,3,0,6,0,2,7,Publicité
435,1,644,0,0,1,0,0,29,Recherche Organique
436,12,117,1,2,8,1,0,9,Réseaux Sociaux
437,7,728,3,0,3,2,5,14,Réseaux Sociaux
438,7,785,2,0,4,0,2,18,Réseaux Sociaux
439,5,137,2,0,3,2,0,24,Réseaux Sociaux
440,18,122,0,1,10,0,2,27,Recherche Organique
441,13,385,5,0,11,3,4,27,Publicité
442,14,504,1,0,7,0,1,10,Publicité
443,5,1185,1,0,2,1,0,17,Direct
444,11,762,0,2,9,0,4,27,Réseaux Sociaux
445,1,100,0,0,0,0,0,24,Recherche Organique
446,7,811,0,0,3,0,1,5,Publicité
447,15,602,2,0,10,1,5,18,Direct
448,12,122,1,1,10,1,4,4,Recherche Organique
449,5,510,0,0,4,0,0,8,Recherche Organique
450,17,1271,2,1,14,0,4,14,Publicité
451,1,464,0,0,0,0,0,16,Direct
452,9,675,1,0,9,0,0,8,Publicité
453,8,537,4,0,6,1,3,10,Direct
454,8,486,3,0,7,0,4,8,Direct
455,15,849,4,1,7,1,1,29,Réseaux Sociaux
456,11,784,2,0,10,0,0,9,Direct
457,10,171,4,0,6,4,2,3,Réseaux Sociaux
458,14,648,1,1,12,0,3,0,Direct
459,7,1090,0,0,6,0,2,5,Recherche Organique
460,1,208,0,0,1,0,0,27,Réseaux Sociaux
461,12,842,5,1,12,4,3,21,Recherche Organique
462,19,434,1,0,15,0,4,25,Direct
463,8,1117,1,0,6,0,4,4,Recherche Organique
464,7,417,1,0,3,0,4,10,Recherche Organique
465,3,1167,0,0,1,0,0,7,Direct
466,11,366,3,2,8,2,3,2,Recherche Organique
467,3,755,1,0,1,0,0,27,Publicité
468,10,248,3,0,9,2,0,8,Direct
469,3,602,0,0,2,0,0,2,Réseaux Sociaux
470,14,705,3,2,12,3,2,22,Direct
471,14,664,1,1,8,0,2,28,Réseaux Sociaux
472,5,466,2,0,5,0,0,29,Recherche Organique
473,9,172,0,0,4,0,5,6,Réseaux Sociaux
474,8,173,2,0,8,1,4,26,Direct
475,5,636,0,0,2,0,0,12,Publicité
476,6,494,1,0,3,1,3,2,Recherche Organique
477,9,673,1,0,7,1,1,16,Réseaux Sociaux
478,1,616,0,0,0,0,0,22,Publicité
479,9,807,1,0,7,1,5,28,Direct
480,9,292,4,0,6,1,1,4,Direct
481,1,374,0,0,1,0,0,17,Recherche Organique
482,13,385,3,1,13,3,1,14,Publicité
483,19,842,1,2,10,0,0,13,Recherche Organique
484,9,747,3,0,9,1,4,20,Publicité
485,8,910,4,0,4,2,1,16,Publicité
486,10,525,3,0,10,3,4,1,Direct
487,7,585,3,0,4,1,1,17,Direct
488,3,424,0,0,1,0,0,5,Recherche Organique
489,11,840,0,0,11,0,0,10,Réseaux Sociaux
490,8,762,0,0,6,0,1,23,Recherche Organique
491,10,1171,0,0,6,0,0,17,Direct
492,16,602,5,1,8,3,1,19,Recherche Organique
493,12,633,2,1,9,2,1,23,Recherche Organique
494,11,223,3,1,9,2,2,18,Direct
495,8,514,3,0,7,1,4,18,Publicité
496,2,345,1,0,1,1,0,24,Direct
497,13,342,5,2,13,3,0,12,Publicité
498,15,934,5,0,13,5,2,15,Réseaux Sociaux
499,8,468,1,0,5,0,5,25,Publicité
500,3,237,0,0,1,0,0,28,Recherche Organique
501,10,623,1,0,5,0,2,0,Publicité
502,11,323,1,2,9,1,4,4,Direct
503,7,406,3,0,3,1,5,11,Recherche Organique
504,16,412,5,2,14,4,4,30,Publicité
505,1,507,0,0,1,0,0,21,Recherche Organique
506,5,579,0,0,5,0,0,2,Publicité
507,6,1127,2,0,5,2,3,8,Réseaux Sociaux
508,14,586,5,2,11,5,3,3,Direct
509,13,100,1,0,6,1,5,24,Publicité
510,15,878,3,1,12,1,1,7,Publicité
511,8,958,2,0,8,1,3,2,Publicité
512,6,147,2,0,5,2,1,6,Direct
513,21,942,2,1,18,1,1,21,Recherche Organique
514,11,415,4,1,7,1,5,0,Réseaux Sociaux
515,14,555,5,1,10,4,3,23,Recherche Organique
516,12,433,1,2,7,0,0,12,Publicité
517,6,501,3,0,4,0,2,26,Publicité
518,12,751,5,0,11,4,0,18,Recherche Organique
519,14,838,0,2,12,0,4,25,Publicité
520,12,488,5,0,12,4,0,11,Publicité
521,14,807,2,0,13,2,0,8,Direct
522,8,769,4,0,5,0,5,5,Direct
523,11,741,1,2,9,0,5,18,Réseaux Sociaux
524,9,750,0,0,5,0,5,9,Publicité
525,6,1014,1,0,6,1,4,26,Recherche Organique
526,4,371,1,0,3,1,0,21,Publicité
527,11,699,3,0,10,2,0,6,Direct
528,13,1214,1,2,11,0,4,29,Publicité
529,9,734,2,0,9,0,2,1,Direct
530,12,584,2,1,6,0,0,9,Recherche Organique
531,5,560,0,0,2,0,0,1,Direct
532,4,620,2,0,3,2,0,10,Direct
533,14,664,5,1,11,3,0,7,Réseaux Sociaux
534,8,790,1,0,4,1,0,24,Réseaux Sociaux
535,6,287,2,0,3,2,0,24,Direct
536,16,821,1,1,8,1,0,15,Publicité
537,8,336,4,0,7,0,3,9,Réseaux Sociaux
538,9,1180,1,0,5,0,2,1,Recherche Organique
539,9,642,3,0,7,2,0,19,Recherche Organique
540,12,609,5,0,11,0,3,14,Direct
541,9,631,3,0,6,0,1,9,Recherche Organique
542,13,804,4,0,7,2,4,3,Direct
543,16,100,0,0,8,0,4,21,Direct
544,13,920,3,2,12,2,4,18,Recherche Organique
545,5,137,2,0,4,2,0,24,Recherche Organique
546,8,100,0,0,5,0,1,6,Recherche Organique
547,21,1328,0,1,21,0,2,7,Réseaux Sociaux
548,2,820,1,0,1,0,0,28,Recherche Organique
549,19,700,1,2,19,1,3,15,Réseaux Sociaux
550,10,100,5,0,7,2,3,11,Recherche Organique
551,9,107,3,0,6,2,1,30,Recherche Organique
552,7,164,1,0,7,0,3,9,Recherche Organique
553,14,568,4,1,14,3,0,10,Direct
554,8,848,3,0,8,3,1,26,Publicité
555,5,507,0,0,4,0,0,12,Réseaux Sociaux
556,11,421,5,2,7,5,5,21,Publicité
557,4,200,0,0,4,0,0,11,Publicité
558,10,783,4,0,9,2,2,29,Publicité
559,11,547,5,2,9,1,3,3,Publicité
560,15,100,0,2,7,0,3,26,Réseaux Sociaux
561,1,521,0,0,0,0,0,19,Publicité
562,8,362,4,0,6,2,5,22,Recherche Organique
563,7,287,0,0,7,0,0,8,Direct
564,3,1069,1,0,3,0,0,12,Recherche Organique
565,14,542,2,1,10,0,2,21,Direct
566,8,411,1,0,7,0,3,11,Publicité
567,7,514,3,0,6,0,4,12,Publicité
568,12,100,2,1,11,1,3,6,Direct
569,3,796,0,0,3,0,0,27,Publicité
570,10,544,2,0,6,0,4,16,Publicité
571,3,100,1,0,1,0,0,23,Réseaux Sociaux
572,16,139,0,1,11,0,1,13,Recherche Organique
573,8,788,3,0,8,3,2,13,Réseaux Sociaux
574,10,532,0,0,6,0,1,21,Direct
575,7,701,1,0,6,1,0,26,Publicité
576,9,718,2,0,5,0,4,19,Publicité
577,11,261,0,2,9,0,4,16,Publicité
578,9,1278,2,0,8,0,3,4,Publicité
579,1,370,0,0,1,0,0,12,Publicité
580,1,530,0,0,1,0,0,29,Recherche Organique
581,23,578,4,1,23,0,4,11,Publicité
582,9,870,2,0,8,2,5,17,Réseaux Sociaux
583,5,100,1,0,3,1,0,13,Réseaux Sociaux
584,12,478,4,2,11,1,2,23,Direct
585,9,614,1,0,5,0,2,0,Recherche Organique
586,9,609,4,0,9,1,5,14,Publicité
587,16,418,3,1,10,3,4,18,Réseaux Sociaux
588,5,100,2,0,4,2,0,12,Direct
589,16,276,5,0,12,4,4,15,Direct
590,9,952,3,0,9,1,2,21,Publicité
591,1,891,0,0,1,0,0,7,Direct
592,9,832,1,0,8,1,2,19,Réseaux Sociaux
593,14,696,5,1,10,3,4,30,Recherche Organique
594,11,562,1,0,8,1,0,9,Recherche Organique
595,8,336,2,0,4,0,5,2,Recherche Organique
596,6,332,0,0,5,0,2,18,Recherche Organique
597,14,913,0,1,11,0,0,30,Direct
598,6,381,0,0,5,0,1,22,Direct
599,10,136,5,0,10,1,1,27,Publicité
600,17,496,5,1,10,4,0,6,Réseaux Sociaux
601,11,448,4,1,8,2,2,18,Réseaux Sociaux
602,11,842,1,1,5,0,1,29,Direct
603,8,100,3,0,6,0,2,27,Direct
604,6,785,1,0,6,1,1,12,Direct
605,7,192,1,0,5,0,5,24,Direct
606,14,100,3,2,12,2,4,1,Direct
607,16,453,4,0,9,4,2,22,Publicité
608,15,536,1,2,11,0,3,5,Publicité
609,6,844,3,0,4,0,1,1,Recherche Organique
610,10,728,0,0,7,0,3,16,Recherche Organique
611,8,663,3,0,5,0,4,5,Publicité
612,11,479,5,0,11,3,2,27,Direct
613,6,614,3,0,6,1,3,26,Direct
614,23,216,3,1,16,0,4,17,Publicité
615,18,744,3,0,17,2,4,17,Recherche Organique
616,10,273,2,0,9,0,2,13,Réseaux Sociaux
617,8,477,3,0,5,3,5,16,Réseaux Sociaux
618,8,848,1,0,4,1,5,17,Direct
619,14,715,1,0,10,0,2,29,Recherche Organique
620,12,629,2,0,12,2,1,24,Recherche Organique
621,14,174,1,0,10,1,0,14,Publicité
622,12,412,1,1,10,0,0,14,Recherche Organique
623,13,360,0,0,10,0,5,11,Direct
624,4,698,0,0,2,0,0,26,Recherche Organique
625,17,921,3,0,8,1,1,9,Publicité
626,10,944,4,0,8,0,1,27,Recherche Organique
627,20,699,3,1,12,0,2,3,Recherche Organique
628,7,812,0,0,7,0,2,16,Publicité
629,14,404,5,0,7,0,3,15,Publicité
630,7,947,0,0,5,0,2,26,Recherche Organique
631,15,331,0,2,11,0,2,11,Publicité
632,4,462,2,0,2,0,0,20,Recherche Organique
633,7,736,1,0,7,0,2,0,Publicité
634,14,595,0,2,8,0,5,23,Publicité
635,3,658,1,0,1,1,0,21,Réseaux Sociaux
636,6,321,1,0,3,1,3,0,Publicité
637,8,576,3,0,8,0,2,1,Direct
638,4,1238,0,0,4,0,0,30,Réseaux Sociaux
639,15,524,5,0,12,4,1,11,Direct
640,12,491,3,1,12,0,3,11,Réseaux Sociaux
641,4,246,1,0,4,1,0,6,Publicité
642,7,683,0,0,5,0,3,18,Publicité
643,1,658,0,0,1,0,0,29,Réseaux Sociaux
644,4,1268,1,0,3,0,0,1,Publicité
645,13,473,3,1,10,2,2,25,Recherche Organique
646,14,828,2,0,13,0,2,18,Publicité
647,18,290,0,2,12,0,2,28,Recherche Organique
648,14,550,5,0,12,3,0,22,Direct
649,10,779,3,0,8,1,3,4,Direct
650,11,627,2,2,7,1,1,8,Direct
651,5,654,1,0,3,0,0,3,Publicité
652,11,944,4,0,6,2,3,22,Réseaux Sociaux
653,14,917,4,2,13,3,1,17,Recherche Organique
654,10,1212,5,0,8,2,2,24,Recherche Organique
655,9,263,4,0,7,0,0,4,Publicité
656,10,428,5,0,7,2,0,23,Réseaux Sociaux
657,9,530,2,0,8,0,4,21,Réseaux Sociaux
658,2,520,0,0,1,0,0,13,Direct
659,4,580,0,0,3,0,0,23,Recherche Organique
660,6,488,1,0,4,1,0,9,Publicité
661,10,736,5,0,9,2,1,5,Publicité
662,4,100,0,0,2,0,0,1,Réseaux Sociaux
663,8,821,0,0,5,0,3,24,Recherche Organique
664,15,597,3,0,8,1,3,12,Direct
665,1,485,0,0,0,0,0,27,Publicité
666,16,546,4,2,9,4,3,19,Recherche Organique
667,4,1001,2,0,3,1,0,16,Réseaux Sociaux
668,1,100,0,0,1,0,0,27,Direct
669,11,934,2,1,11,0,1,1,Publicité
670,1,513,0,0,0,0,0,18,Recherche Organique
671,15,759,5,1,10,0,2,12,Direct
672,14,332,0,2,8,0,4,20,Réseaux Sociaux
673,18,585,4,2,13,2,2,21,Recherche Organique
674,6,540,3,0,5,3,3,0,Publicité
675,10,100,4,0,7,2,1,1,Publicité
676,8,1162,3,0,8,3,4,8,Réseaux Sociaux
677,4,201,2,0,3,2,0,0,Réseaux Sociaux
678,1,775,0,0,1,0,0,11,Réseaux Sociaux
679,11,350,5,2,8,5,5,14,Direct
680,6,654,0,0,5,0,1,14,Réseaux Sociaux
681,6,1097,1,0,5,0,1,10,Direct
682,16,592,1,0,9,0,1,5,Publicité
683,9,690,0,0,6,0,1,4,Recherche Organique
684,10,765,4,0,10,3,5,16,Réseaux Sociaux
685,11,529,0,0,7,0,0,14,Direct
686,11,214,5,1,7,2,4,2,Publicité
687,7,765,0,0,3,0,5,4,Recherche Organique
688,6,355,1,0,3,0,1,27,Recherche Organique
689,12,1141,0,2,9,0,1,24,Réseaux Sociaux
690,6,925,3,0,3,0,1,16,Direct
691,10,523,5,0,8,1,0,12,Recherche Organique
692,7,248,0,0,4,0,2,21,Réseaux Sociaux
693,1,384,0,0,0,0,0,14,Réseaux Sociaux
694,16,692,5,0,14,1,5,11,Recherche Organique
695,12,869,5,0,7,5,1,1,Réseaux Sociaux
696,11,861,4,2,10,3,1,8,Réseaux Sociaux
697,1,582,0,0,1,0,0,18,Publicité
698,10,174,1,0,10,1,5,12,Direct
699,10,645,4,0,10,3,5,17,Direct
700,14,100,2,2,8,2,4,18,Direct
701,16,218,0,2,11,0,0,30,Recherche Organique
702,15,1107,2,2,11,2,0,22,Publicité
703,7,462,3,0,7,1,4,26,Recherche Organique
704,10,631,4,0,6,2,2,11,Recherche Organique
705,6,1088,1,0,3,1,2,25,Publicité
706,1,644,0,0,0,0,0,25,Réseaux Sociaux
707,9,604,1,0,5,0,3,5,Recherche Organique
708,6,663,3,0,6,2,4,14,Direct
709,4,581,1,0,4,1,0,21,Réseaux Sociaux
710,12,692,1,2,10,0,5,6,Recherche Organique
711,14,865,2,0,10,0,2,16,Direct
712,6,421,2,0,6,0,5,7,Réseaux Sociaux
713,10,937,4,0,8,3,1,20,Direct
714,6,885,1,0,5,0,5,10,Publicité
715,8,1039,2,0,4,1,5,4,Recherche Organique
716,7,469,2,0,7,0,4,20,Direct
717,9,545,0,0,5,0,5,28,Direct
718,5,454,2,0,4,1,0,2,Recherche Organique
719,2,588,0,0,1,0,0,1,Direct
720,1,548,0,0,1,0,0,4,Réseaux Sociaux
721,8,788,0,0,5,0,5,2,Réseaux Sociaux
722,15,546,5,0,8,5,0,11,Réseaux Sociaux
723,10,484,0,0,9,0,3,6,Recherche Organique
724,6,486,0,0,5,0,3,28,Recherche Organique
725,10,693,0,0,5,0,4,24,Réseaux Sociaux
726,9,318,2,0,9,1,2,14,Direct
727,8,242,0,0,8,0,2,20,Réseaux Sociaux
728,4,575,1,0,3,1,0,13,Publicité
729,8,614,2,0,8,0,5,2,Réseaux Sociaux
730,5,1017,2,0,4,2,0,11,Recherche Organique
731,8,961,1,0,8,0,4,12,Recherche Organique
732,17,636,4,0,17,1,3,10,Réseaux Sociaux
733,15,688,3,2,7,1,3,13,Publicité
734,15,481,5,1,11,2,1,3,Direct
735,16,838,4,0,13,1,1,3,Réseaux Sociaux
736,12,316,2,1,11,2,3,9,Publicité
737,16,860,2,1,8,2,3,18,Réseaux Sociaux
738,11,410,1,1,8,0,5,8,Réseaux Sociaux
739,7,100,1,0,4,1,4,1,Réseaux Sociaux
740,1,1120,0,0,1,0,0,26,Direct
741,12,441,2,1,11,2,2,24,Recherche Organique
742,2,276,1,0,1,0,0,16,Publicité
743,11,102,5,0,6,1,4,5,Direct
744,11,736,2,2,5,1,5,5,Publicité
745,12,305,2,1,6,0,2,7,Direct
746,7,937,0,0,6,0,3,1,Direct
747,13,509,4,0,8,4,0,1,Direct
748,15,474,4,1,14,0,5,26,Recherche Organique
749,5,131,2,0,3,1,0,8,Publicité
750,14,426,2,1,9,1,4,9,Réseaux Sociaux
751,1,685,0,0,0,0,0,20,Réseaux Sociaux
752,12,823,2,0,12,2,4,24,Réseaux Sociaux
753,7,523,2,0,7,0,3,7,Réseaux Sociaux
754,13,210,0,0,10,0,0,11,Recherche Organique
755,7,880,2,0,3,0,3,27,Publicité
756,14,659,4,0,11,4,2,24,Publicité
757,11,463,3,2,5,3,0,26,Recherche Organique
758,4,100,0,0,4,0,0,20,Direct
759,14,282,2,1,13,0,0,21,Réseaux Sociaux
760,16,895,0,0,10,0,0,13,Recherche Organique
761,1,1035,0,0,1,0,0,21,Direct
762,15,239,1,2,12,1,0,0,Réseaux Sociaux
763,9,651,4,0,6,4,3,14,Recherche Organique
764,12,739,1,2,12,0,3,4,Recherche Organique
765,13,705,1,1,12,0,5,5,Publicité
766,2,1264,1,0,1,0,0,17,Direct
767,7,576,2,0,4,1,2,9,Réseaux Sociaux
768,12,443,3,2,9,0,3,9,Direct
769,12,846,1,1,12,0,5,22,Réseaux Sociaux
770,4,814,1,0,4,1,0,26,Réseaux Sociaux
771,10,906,4,0,5,2,4,19,Recherche Organique
772,12,100,5,2,7,4,3,2,Recherche Organique
773,9,210,1,0,5,1,5,17,Recherche Organique
774,13,846,5,1,9,0,3,14,Recherche Organique
775,11,596,2,0,7,2,3,6,Direct
776,14,711,1,2,14,1,0,8,Recherche Organique
777,14,287,5,0,8,2,2,15,Réseaux Sociaux
778,10,351,4,0,7,2,2,23,Publicité
779,10,100,2,0,8,0,3,5,Réseaux Sociaux
780,2,525,0,0,2,0,0,17,Direct
781,7,100,2,0,7,2,3,0,Publicité
782,18,633,3,0,14,1,1,19,Direct
783,7,921,2,0,6,1,0,29,Publicité
784,10,960,2,0,7,2,2,10,Publicité
785,6,507,1,0,6,1,4,1,Réseaux Sociaux
786,1,843,0,0,1,0,0,11,Réseaux Sociaux
787,11,978,5,0,5,3,0,15,Recherche Organique
788,7,1352,2,0,5,1,2,24,Recherche Organique
789,4,1028,2,0,2,0,0,7,Publicité
790,22,697,1,1,16,1,4,9,Direct
791,10,605,5,0,8,2,5,17,Publicité
792,16,813,5,2,15,2,5,4,Publicité
793,21,557,1,0,13,1,4,25,Réseaux Sociaux
794,13,663,4,2,13,4,3,19,Réseaux Sociaux
795,12,705,2,1,8,2,0,9,Recherche Organique
796,8,704,4,0,8,3,0,10,Recherche Organique
797,17,531,2,2,15,0,3,29,Direct
798,5,574,2,0,3,2,0,14,Direct
799,9,724,3,0,7,3,2,5,Publicité
800,16,1056,5,2,16,3,0,7,Recherche Organique
801,10,165,1,0,6,1,3,22,Publicité
802,10,733,3,0,8,3,3,5,Recherche Organique
803,10,363,4,0,6,1,1,11,Recherche Organique
804,12,707,0,1,8,0,2,7,Recherche Organique
805,5,349,1,0,2,1,0,4,Direct
806,1,373,0,0,0,0,0,19,Direct
807,17,761,1,0,11,0,0,16,Recherche Organique
808,15,530,2,2,8,2,3,7,Publicité
809,8,279,0,0,8,0,2,4,Publicité
810,18,829,3,2,14,3,2,18,Recherche Organique
811,9,283,4,0,9,1,3,4,Recherche Organique
812,6,100,2,0,6,2,3,8,Réseaux Sociaux
813,6,1230,2,0,3,2,3,17,Publicité
814,16,650,5,0,16,0,5,12,Direct
815,15,642,3,2,8,3,3,7,Recherche Organique
816,10,626,4,0,7,3,5,5,Réseaux Sociaux
817,19,1192,0,1,16,0,1,20,Recherche Organique
818,8,100,4,0,8,1,5,1,Publicité
819,3,588,1,0,2,0,0,16,Réseaux Sociaux
820,11,100,3,0,11,1,3,21,Recherche Organique
821,16,608,3,0,13,1,0,7,Recherche Organique
822,14,685,4,1,8,1,0,11,Direct
823,7,391,0,0,6,0,5,19,Réseaux Sociaux
824,13,100,2,0,6,0,2,5,Réseaux Sociaux
825,14,1149,3,0,8,2,3,16,Publicité
826,13,609,1,2,10,0,0,15,Réseaux Sociaux
827,12,299,0,2,9,0,5,9,Publicité
828,7,559,3,0,3,3,1,5,Réseaux Sociaux
829,3,223,0,0,1,0,0,5,Recherche Organique
830,6,1043,2,0,4,0,4,29,Recherche Organique
831,10,617,2,0,7,1,3,20,Publicité
832,12,778,2,1,7,0,0,17,Recherche Organique
833,9,353,1,0,9,0,4,30,Recherche Organique
834,16,618,2,0,15,2,0,7,Publicité
835,11,439,0,1,5,0,3,13,Publicité
836,1,323,0,0,1,0,0,22,Réseaux Sociaux
837,14,759,5,2,11,1,2,16,Recherche Organique
838,16,1040,1,0,14,1,4,18,Réseaux Sociaux
839,6,832,2,0,6,0,4,28,Publicité
840,9,674,1,0,4,0,5,10,Réseaux Sociaux
841,5,796,0,0,3,0,0,17,Recherche Organique
842,13,235,3,0,7,3,5,0,Publicité
843,13,264,5,2,6,5,1,6,Réseaux Sociaux
844,7,849,1,0,3,1,1,0,Publicité
845,14,624,5,1,13,3,4,22,Réseaux Sociaux
846,8,393,4,0,7,3,3,25,Direct
847,13,609,5,0,6,3,3,5,Recherche Organique
848,10,286,0,0,7,0,1,29,Recherche Organique
849,9,936,1,0,7,0,2,16,Réseaux Sociaux
850,4,382,2,0,3,1,0,17,Publicité
851,4,544,2,0,4,2,0,11,Réseaux Sociaux
852,3,177,1,0,3,0,0,4,Recherche Organique
853,9,463,4,0,8,1,4,12,Direct
854,5,443,1,0,4,1,0,27,Réseaux Sociaux
855,11,1493,4,2,6,3,0,9,Publicité
856,14,752,5,2,14,1,3,27,Direct
857,13,980,3,2,8,2,3,28,Recherche Organique
858,13,330,3,1,10,0,2,11,Recherche Organique
859,7,684,2,0,4,0,2,24,Réseaux Sociaux
860,13,341,3,1,13,3,4,3,Réseaux Sociaux
861,16,634,4,1,15,0,3,22,Recherche Organique
862,15,495,1,1,12,1,4,6,Réseaux Sociaux
863,12,1089,0,1,12,0,4,12,Recherche Organique
864,15,735,3,0,11,0,1,1,Publicité
865,5,354,1,0,3,0,0,11,Recherche Organique
866,17,283,4,1,13,2,2,0,Recherche Organique
867,8,890,2,0,7,1,0,12,Direct
868,12,362,5,1,8,4,4,18,Publicité
869,7,1165,3,0,5,0,1,7,Direct
870,13,216,5,2,10,3,4,7,Réseaux Sociaux
871,15,913,4,1,10,3,4,28,Direct
872,6,444,2,0,5,0,4,11,Réseaux Sociaux
873,11,718,3,1,8,2,4,25,Recherche Organique
874,9,474,2,0,4,2,0,18,Recherche Organique
875,10,496,5,0,6,2,3,15,Publicité
876,1,305,0,0,0,0,0,9,Réseaux Sociaux
877,1,672,0,0,1,0,0,4,Réseaux Sociaux
878,16,1039,0,2,10,0,2,12,Réseaux Sociaux
879,9,100,1,0,7,0,3,23,Direct
880,9,655,4,0,5,2,2,29,Réseaux Sociaux
881,5,201,1,0,3,0,0,28,Réseaux Sociaux
882,12,798,3,0,8,0,1,22,Publicité
883,8,174,0,0,4,0,3,23,Réseaux Sociaux
884,15,457,3,2,9,1,3,3,Direct
885,7,748,2,0,6,1,4,13,Publicité
886,7,624,3,0,6,0,0,7,Réseaux Sociaux
887,4,737,1,0,2,1,0,26,Recherche Organique
888,19,210,0,0,9,0,0,5,Direct
889,9,486,4,0,9,3,4,6,Recherche Organique
890,5,813,2,0,3,1,0,1,Direct
891,17,585,3,1,17,1,4,19,Recherche Organique
892,12,205,0,1,11,0,5,24,Réseaux Sociaux
893,2,515,0,0,2,0,0,16,Recherche Organique
894,9,100,4,0,6,1,0,28,Publicité
895,9,244,1,0,8,0,4,26,Réseaux Sociaux
896,3,267,0,0,2,0,0,14,Direct
897,15,745,0,1,10,0,2,6,Direct
898,11,789,1,1,10,1,1,23,Recherche Organique
899,9,553,3,0,4,2,5,26,Publicité
900,21,244,1,1,12,1,4,29,Réseaux Sociaux
901,2,783,1,0,1,1,0,15,Recherche Organique
902,4,174,0,0,3,0,0,30,Publicité
903,14,618,2,0,8,0,1,27,Recherche Organique
904,1,705,0,0,1,0,0,16,Réseaux Sociaux
905,19,536,1,2,12,0,2,1,Direct
906,7,123,2,0,7,0,5,19,Recherche Organique
907,6,737,2,0,5,2,0,15,Réseaux Sociaux
908,15,288,0,2,9,0,2,20,Réseaux Sociaux
909,8,886,4,0,4,4,3,15,Recherche Organique
910,18,708,2,1,11,1,4,23,Réseaux Sociaux
911,9,325,0,0,9,0,1,19,Direct
912,4,1122,2,0,2,2,0,3,Direct
913,13,588,4,2,12,0,3,25,Réseaux Sociaux
914,11,539,3,0,5,0,2,3,Recherche Organique
915,3,721,0,0,3,0,0,9,Direct
916,9,717,2,0,4,0,0,22,Publicité
917,15,689,0,0,11,0,5,23,Recherche Organique
918,8,924,2,0,6,0,2,26,Publicité
919,13,552,0,1,8,0,5,21,Publicité
920,5,526,2,0,2,2,0,25,Publicité
921,9,504,3,0,5,0,1,30,Direct
922,11,577,2,1,7,2,4,0,Direct
923,15,1069,2,1,14,2,2,11,Recherche Organique
924,11,990,2,0,10,0,0,1,Publicité
925,7,613,3,0,7,1,2,0,Recherche Organique
926,3,889,0,0,1,0,0,3,Publicité
927,10,862,5,0,6,0,5,19,Direct
928,12,447,3,1,11,2,5,0,Direct
929,4,561,1,0,2,0,0,19,Réseaux Sociaux
930,13,434,5,0,12,4,3,29,Recherche Organique
931,7,321,0,0,6,0,1,9,Direct
932,10,749,0,0,6,0,2,28,Publicité
933,7,671,3,0,6,3,0,22,Réseaux Sociaux
934,11,100,1,2,9,1,2,5,Réseaux Sociaux
935,12,820,0,2,6,0,0,10,Publicité
936,5,619,0,0,4,0,0,10,Publicité
937,8,576,4,0,6,0,3,26,Réseaux Sociaux
938,12,512,3,0,7,2,0,16,Réseaux Sociaux
939,16,341,4,2,16,1,2,13,Direct
940,11,337,4,1,8,4,1,27,Direct
941,2,351,0,0,2,0,0,13,Réseaux Sociaux
942,11,100,0,0,11,0,1,8,Direct
943,9,732,4,0,5,1,3,20,Recherche Organique
944,10,828,1,0,5,0,0,19,Réseaux Sociaux
945,8,100,2,0,8,2,1,0,Publicité
946,14,336,0,2,14,0,5,16,Recherche Organique
947,9,508,1,0,8,0,0,26,Direct
948,13,531,5,1,13,2,1,19,Réseaux Sociaux
949,15,336,0,1,7,0,0,15,Direct
950,12,998,1,0,9,1,5,27,Direct
951,12,654,3,1,11,0,5,17,Réseaux Sociaux
952,8,1402,4,0,7,2,4,12,Recherche Organique
953,10,648,4,0,9,2,0,0,Direct
954,1,180,0,0,1,0,0,21,Recherche Organique
955,2,993,0,0,2,0,0,12,Publicité
956,7,439,1,0,4,1,3,0,Recherche Organique
957,13,496,5,2,13,2,4,15,Réseaux Sociaux
958,7,170,1,0,5,1,0,15,Recherche Organique
959,7,1169,1,0,6,0,3,17,Réseaux Sociaux
960,7,459,3,0,5,1,4,0,Publicité
961,12,551,5,0,10,5,3,29,Recherche Organique
962,8,1366,3,0,6,3,3,25,Recherche Organique
963,14,1027,2,0,12,0,0,30,Recherche Organique
964,20,623,0,1,16,0,3,18,Direct
965,9,366,1,0,8,1,1,13,Publicité
966,12,636,0,2,12,0,2,18,Réseaux Sociaux
967,16,860,0,1,14,0,3,0,Publicité
968,9,911,0,0,6,0,0,11,Recherche Organique
969,6,658,2,0,3,2,1,20,Recherche Organique
970,10,573,0,0,10,0,4,4,Publicité
971,14,736,3,0,8,1,1,23,Direct
972,12,779,4,2,12,4,2,7,Recherche Organique
973,7,553,1,0,5,1,3,16,Réseaux Sociaux
974,9,1476,4,0,4,3,2,29,Recherche Organique
975,10,846,0,0,8,0,1,11,Direct
976,10,533,3,0,5,1,1,0,Publicité
977,13,465,4,0,9,0,3,27,Publicité
978,5,1223,0,0,2,0,0,7,Direct
979,6,771,2,0,5,2,3,3,Direct
980,17,452,0,0,15,0,0,5,Réseaux Sociaux
981,10,365,1,0,8,0,0,17,Réseaux Sociaux
982,8,491,4,0,4,3,5,14,Réseaux Sociaux
983,13,1021,1,1,13,0,1,7,Réseaux Sociaux
984,7,924,1,0,7,0,2,7,Publicité
985,17,691,2,0,17,1,0,28,Publicité
986,11,290,1,2,11,1,0,22,Publicité
987,15,496,0,1,8,0,4,23,Recherche Organique
988,11,583,3,2,10,3,4,1,Direct
989,21,444,0,0,12,0,1,11,Direct
990,10,426,5,0,9,3,4,6,Direct
991,6,673,2,0,5,1,1,8,Réseaux Sociaux
992,17,1175,1,1,16,0,3,16,Publicité
993,7,119,1,0,6,0,2,26,Recherche Organique
994,13,843,4,0,13,4,0,15,Recherche Organique
995,10,475,4,0,6,1,4,25,Direct
996,10,308,5,0,7,4,2,25,Direct
997,1,931,0,0,0,0,0,9,Recherche Organique
998,6,528,0,0,4,0,3,19,Direct
999,10,944,0,0,7,0,3,14,Direct
1000,14,731,2,1,11,0,4,10,Publicité
